Latitude,Longitude,Depth,Timestamp,Temperature
0,0.203680597551856,1.65327145882231,1725000000100,15.9623546792977
0.00834028356964137,-0.049671259192195,1.65962413229216,1725000000200,24.0067455963304
0.0166805671392827,0.105107693927126,1.65993967207251,1725000000300,15.8121465328811
0.0250208507089241,0.399448619063437,1.60583492698892,1725000000400,17.5722912595656
0.0333611342785655,-0.10926297888792,1.5901227244492,1725000000500,18.6941933812197
0.0417014178482068,-0.185634072137709,1.78523274701794,1725000000600,16.6594819328162
0.0500417014178482,-0.0174877158086168,1.37343201592269,1725000000700,22.6060309931483
0.0583819849874896,-0.35928167165983,2.03899501194289,1725000000800,18.6726846216339
0.0667222685571309,0.0704105516530296,1.39836147480498,1725000000900,18.9545503881414
0.0750625521267723,0.17320923010216,1.63069750814198,1725000001000,15.909388355231
0.0834028356964137,-0.528751419756558,1.51145191194291,1725000001100,21.6236390872697
0.0917431192660551,0.217887376466493,1.47456970583781,1725000001200,21.4705716460826
0.100083402835696,-0.264088669157055,1.76490629402628,1725000001300,18.1383001923109
0.108423686405338,0.0860302944232363,1.68767681655585,1725000001400,19.2150361807058
0.116763969974979,0.0530537655796043,1.55615078733485,1725000001500,21.2233998758548
0.125104253544621,-0.00236192812374511,1.82599854336273,1725000001600,19.0652202740791
0.133444537114262,-0.0338444015456987,1.64296600195849,1725000001700,21.3101733541318
0.141784820683903,-0.0702432909022002,1.53204867305344,1725000001800,22.4342016256273
0.150125104253545,0.337965278297657,1.70892797046035,1725000001900,16.545089612361
0.158465387823186,-0.130038587639086,1.61784095132905,1725000002000,16.0486124433305
0.166805671392827,0.141148521967631,1.96689790689588,1725000002100,22.4740250615968
0.175145954962469,0.297677573067092,2.02292192947934,1725000002200,20.2615487040784
0.18348623853211,0.140207615852099,1.94502401421071,1725000002300,22.6933342755646
0.191826522101751,0.0616912283554835,1.59354738016712,1725000002400,16.259441817787
0.200166805671393,0.333281304879096,1.75346624104436,1725000002500,20.5571050373151
0.208507089241034,0.280585573896344,1.70116440217912,1725000002600,16.2726284333044
0.216847372810676,-0.2689606658798,1.87341155890514,1725000002700,16.3406250823112
0.225187656380317,0.240119664842203,1.63898257134467,1725000002800,18.7903539292624
0.233527939949958,-0.178791880425443,1.2893752237413,1725000002900,15.6713139037371
0.2418682235196,-0.462670062145149,1.83010232618581,1725000003000,18.6028146912424
0.250208507089241,-0.637738836584629,2.5196015587841,1725000003100,15.3171456064055
0.258548790658882,-0.224610626805455,1.61434111697292,1725000003200,23.2555195808454
0.266889074228524,0.211924770339836,1.87151013737812,1725000003300,16.1394579822676
0.275229357798165,0.201915608764541,1.66637060622463,1725000003400,19.348214698939
0.283569641367806,-0.0186880092223363,1.46232801746839,1725000003500,19.4032160815706
0.291909924937448,0.144745384446213,1.43452357864916,1725000003600,15.3713222037918
0.300250208507089,0.409408094165627,1.54862673002237,1725000003700,15.8106185508549
0.308590492076731,-0.130322126352885,1.56243983603534,1725000003800,23.0904359624971
0.316930775646372,0.0187541426679229,1.25552796749274,1725000003900,22.0517607622332
0.325271059216013,0.421400428162682,1.73359428065359,1725000004000,19.5823793400719
0.333611342785655,-0.331205806422626,1.94019637024289,1725000004100,23.995682889151
0.341951626355296,0.0347738550748236,1.5451440583869,1725000004200,21.987153635131
0.350291909924937,0.763035134482596,1.67941224818916,1725000004300,23.7131448047766
0.358632193494579,0.0152631687016752,1.88234804622872,1725000004400,23.0266721834755
0.36697247706422,0.0933495505599342,1.77571013108689,1725000004500,23.5435837794357
0.375312760633862,-0.333889063990939,1.92026361799365,1725000004600,20.5808160003946
0.383653044203503,-0.0280200881677661,1.62283746477749,1725000004700,22.3829212999461
0.391993327773144,0.0102509631391784,1.39021036990642,1725000004800,16.9891241186057
0.400333611342786,0.06792157181702,1.57592162374436,1725000004900,20.2385380607246
0.408673894912427,0.507952758587387,1.9877914599499,1725000005000,16.3538882179399
0.417014178482068,-0.0890752429886375,1.63855945001594,1725000005100,18.0475047436164
0.42535446205171,0.354845129791726,2.042267411339,1725000005200,18.2637588314719
0.433694745621351,0.148780143681909,1.56821333567991,1725000005300,20.1669823938577
0.442035029190992,0.473202994325964,2.1926360891978,1725000005400,20.0362895974064
0.450375312760634,0.49627447913817,1.88945081970966,1725000005500,16.8519592365071
0.458715596330275,0.115491694121263,1.63020833149103,1725000005600,21.6140221490818
0.467055879899917,-0.239933650500572,1.95216806176663,1725000005700,23.8907542910592
0.475396163469558,0.528439650370523,1.78237990556143,1725000005800,20.4413646027538
0.483736447039199,0.348787669875982,1.50973636895357,1725000005900,23.4064248039436
0.492076730608841,0.49484564221122,1.61323606224369,1725000006000,16.6242123622365
0.500417014178482,0.551093244563152,2.13070480667052,1725000006100,20.1737946631115
0.508757297748123,0.211366766951753,1.72608132228071,1725000006200,22.3335146629329
0.517097581317765,0.0765690597070803,1.54389233098011,1725000006300,15.9941402424129
0.525437864887406,-0.0496657635086166,1.44864207279275,1725000006400,15.7962826910981
0.533778148457048,-0.298977895976455,1.78117725934632,1725000006500,16.1091592663556
0.542118432026689,0.264057037793609,1.68367278671847,1725000006600,24.2628732404789
0.55045871559633,-0.0287072315350767,1.4017003648327,1725000006700,20.4926041813034
0.558798999165972,0.071412532076113,1.54201768214847,1725000006800,18.3575108653099
0.567139282735613,0.593761862642893,1.76298121245359,1725000006900,24.9686324296123
0.575479566305254,0.438008839006276,1.69947485233564,1725000007000,19.2602044677502
0.583819849874896,0.203917779206441,1.70400535546518,1725000007100,15.3770055452062
0.592160133444537,0.146688515625092,1.56723518271389,1725000007200,16.5453309383674
0.600500417014178,0.804735430528991,2.01353235760481,1725000007300,18.1111627040202
0.60884070058382,-0.0685005421164499,1.00032827802415,1725000007400,22.2256903557316
0.617180984153461,0.109022277329736,1.41336515190403,1725000007500,24.3721594432922
0.625521267723103,0.220965341702361,1.69273248679234,1725000007600,16.5543859195948
0.633861551292744,-0.15564492015003,1.81503856674845,1725000007700,24.2152273602578
0.642201834862385,0.22314583006925,1.80307676830592,1725000007800,16.9472912011942
0.650542118432027,-0.173383125482071,1.56843388413265,1725000007900,17.3032869782591
0.658882402001668,-0.132107607641397,1.22757667948832,1725000008000,20.3096517814127
0.667222685571309,0.518821128411094,1.52916805473005,1725000008100,24.2427448808129
0.675562969140951,0.24577041659545,1.64750103467896,1725000008200,21.6072259148878
0.683903252710592,0.102108559110321,1.07488097375841,1725000008300,17.9731623063284
0.692243536280233,0.292264917005445,1.42868226183682,1725000008400,24.2190375378361
0.700583819849875,0.219462862858509,1.84289476910552,1725000008500,23.4459003436019
0.708924103419516,-0.0648590225455093,1.49670587263904,1725000008600,21.242731667746
0.717264386989158,-0.00567020036915966,1.14539094210227,1725000008700,16.6209183729063
0.725604670558799,0.453879093553084,1.5860494657693,1725000008800,22.4190366672571
0.73394495412844,-0.16195939689845,1.84615039675521,1725000008900,15.6188158549625
0.742285237698082,0.266796784940329,1.9948139882326,1725000009000,24.668385794255
0.750625521267723,0.265811239198998,1.64514764479133,1725000009100,22.3346230142029
0.758965804837364,0.299647736854266,1.46012366493772,1725000009200,16.3201862278796
0.767306088407006,0.459221083515447,1.66592718385494,1725000009300,17.4997623189536
0.775646371976647,0.203389704008224,1.6669313484181,1725000009400,18.8197831766852
0.783986655546289,0.27714792344788,1.64985720864139,1725000009500,22.8589222767113
0.79232693911593,0.139287264926486,1.36412338285683,1725000009600,22.5350752321252
0.800667222685571,0.27539385012076,1.66239752041905,1725000009700,16.7200271330292
0.809007506255213,0.337095666363226,1.78052493346641,1725000009800,19.6561848880675
0.817347789824854,-0.193816369506858,1.34881786897571,1725000009900,24.0466569548702
0.825688073394495,-0.000200853108300675,1.48900044759068,1725000010000,15.9262446307181
0.834028356964137,0.717867350926576,2.01837827383618,1725000010100,18.2989252011864
0.842368640533778,0.282615389463393,1.53020983187824,1725000010200,20.5383259244166
0.850708924103419,-0.00141690199301986,1.76979762598172,1725000010300,22.9900001896126
0.859049207673061,0.328481725266179,1.81895438906147,1725000010400,22.1168834330459
0.867389491242702,0.21708998725457,1.8755332198456,1725000010500,23.5549219292833
0.875729774812344,0.387871028944319,1.80748840395893,1725000010600,22.1397095102163
0.884070058381985,0.546693931350321,2.09915971608184,1725000010700,23.3962062664944
0.892410341951626,0.10234533278946,1.39167008633411,1725000010800,24.7341063395362
0.900750625521268,-0.0159444821149148,2.13854656329819,1725000010900,21.0255838260154
0.909090909090909,0.317206125187733,1.4840088534662,1725000011000,16.3025758683644
0.917431192660551,0.174138014234125,1.47803906788457,1725000011100,16.016903306536
0.925771476230192,-0.0386916650397705,1.2283750839308,1725000011200,23.1360676255719
0.934111759799833,0.301012754081318,1.87474087485835,1725000011300,24.5937717707644
0.942452043369475,0.713557872775878,2.14916730452758,1725000011400,17.3141992723716
0.950792326939116,0.366777965040175,1.79432228080723,1725000011500,19.4903682233472
0.959132610508757,0.520279467140414,1.83828275723096,1725000011600,21.0855612350456
0.967472894078399,0.330312300900261,1.57212619873669,1725000011700,23.0806219547243
0.97581317764804,0.209155938816186,1.56581650544938,1725000011800,17.9326050137997
0.984153461217681,0.0583804919583175,1.5385222072822,1725000011900,19.4412708639412
0.992493744787323,-0.18372133392788,2.27542727668429,1725000012000,20.4876541570907
1.00083402835696,0.496388415226588,1.9663971504983,1725000012100,19.3202660623358
1.00917431192661,0.0802212567312414,1.30029307593827,1725000012200,24.8805458356714
1.01751459549625,0.0495016742176562,1.76398697014116,1725000012300,24.653915160034
1.02585487906589,0.092283296454919,1.70892355663297,1725000012400,18.2948386199069
1.03419516263553,-0.102635615305608,1.56012106532017,1725000012500,17.039718604645
1.04253544620517,0.322754361721197,2.02195855043872,1725000012600,21.1558416795888
1.05087572977481,0.307313155925777,1.99245413311521,1725000012700,17.5666036730614
1.05921601334445,0.446040762741608,1.53199821256553,1725000012800,16.32210883869
1.0675562969141,0.559327390127123,1.63669381851171,1725000012900,15.2327253176125
1.07589658048374,0.410597337529631,1.89800780375098,1725000013000,16.7921407136697
1.08423686405338,0.479654600681222,1.94634829424465,1725000013100,19.7841141628778
1.09257714762302,0.677375921687769,2.05915085444279,1725000013200,17.1010995035551
1.10091743119266,1.04284783440318,2.43817877994109,1725000013300,15.806451623996
1.1092577147623,0.353289632390255,2.31087225053031,1725000013400,19.3340164628243
1.11759799833194,0.139925466087089,1.49849056859716,1725000013500,22.4718375567601
1.12593828190158,0.0136185873259188,1.53726132330386,1725000013600,21.6356420461622
1.13427856547123,0.598561556339349,2.09717931617607,1725000013700,17.6475526302351
1.14261884904087,-0.0942129340931016,1.69007589085088,1725000013800,23.9586479736362
1.15095913261051,0.256405805413147,1.39642925478465,1725000013900,15.3131119426215
1.15929941618015,-0.262360817114633,1.80672681414281,1725000014000,21.6143088055055
1.16763969974979,0.352217968237824,2.17753321272412,1725000014100,23.4207408568506
1.17597998331943,0.0815643839933799,1.77333420138451,1725000014200,23.049295298986
1.18432026688907,0.744912278881697,1.93707557729595,1725000014300,16.2311909071338
1.19266055045872,0.042093289492138,1.69669178179731,1725000014400,24.2395061576957
1.20100083402836,0.406461570907087,1.97050663064093,1725000014500,23.1303087058461
1.209341117598,-0.0740861115738802,1.21308755834989,1725000014600,15.2513042584539
1.21768140116764,0.252171003874508,1.89142609909362,1725000014700,16.2423919808876
1.22602168473728,0.472063474742977,1.68190231625067,1725000014800,23.6182711441817
1.23436196830692,0.819369773318589,1.99133088124271,1725000014900,22.9635482119593
1.24270225187656,0.404698468280046,1.55273046274786,1725000015000,19.5713625961833
1.25104253544621,0.0408830190980907,1.83080200411052,1725000015100,21.155222647281
1.25938281901585,0.281419617534208,1.97729546588881,1725000015200,24.9598050457993
1.26772310258549,0.277568034440784,1.68572328029419,1725000015300,22.7581261729234
1.27606338615513,0.775696263402956,2.1378338236839,1725000015400,18.743314656372
1.28440366972477,0.238933354377859,1.82763458980426,1725000015500,15.3603736579534
1.29274395329441,0.212660859922835,1.97081181371778,1725000015600,21.5945194145932
1.30108423686405,0.32738236397101,1.42200927065691,1725000015700,22.7461089533033
1.30942452043369,0.549053169761574,1.99732388657826,1725000015800,21.6756599498607
1.31776480400334,-0.308729035628987,1.59417603060673,1725000015900,16.2695817546954
1.32610508757298,0.556485482200606,1.9334540972115,1725000016000,23.0296921787936
1.33444537114262,-0.109816230182211,1.45056831229759,1725000016100,23.3757699043972
1.34278565471226,0.696348790988357,2.3176937913712,1725000016200,23.3405517927054
1.3511259382819,0.523433085309409,1.93516408377235,1725000016300,22.4519281488176
1.35946622185154,0.600194616793241,1.64141866053845,1725000016400,23.0435194778698
1.36780650542118,0.421056387752298,1.92639592339605,1725000016500,24.4065782319659
1.37614678899083,0.552764928598145,1.66495383935183,1725000016600,15.6923030338551
1.38448707256047,0.644933924282579,2.32688970365082,1725000016700,17.8244305452962
1.39282735613011,0.0941538930430354,1.48310464973271,1725000016800,23.1793186879486
1.40116763969975,0.0018777709358051,1.61072554506873,1725000016900,19.3829861749431
1.40950792326939,-0.164666739615439,1.48620231343663,1725000017000,17.9060384244369
1.41784820683903,0.439417164239312,2.28505321936987,1725000017100,16.3648624480612
1.42618849040867,0.445282987540033,1.41755588582528,1725000017200,22.037353552781
1.43452877397832,0.488710517082886,2.2684221849744,1725000017300,19.4408678420317
1.44286905754796,0.850805079188235,2.22320139291534,1725000017400,17.6481039267601
1.4512093411176,0.679888010397633,2.09687063134506,1725000017500,19.0344055610252
1.45954962468724,-0.0101901781059374,1.15820979317974,1725000017600,18.9785603633909
1.46788990825688,0.687378843027753,1.98543230316798,1725000017700,16.3012505090436
1.47623019182652,0.399536623860466,1.99060263803617,1725000017800,17.1325689353264
1.48457047539616,0.592826287645938,2.07468188407885,1725000017900,22.5899816442958
1.4929107589658,0.0951142828162957,1.57053996182658,1725000018000,15.2762414723472
1.50125104253545,0.652219088876257,2.05501355906625,1725000018100,20.4841057780952
1.50959132610509,0.664444248555077,2.06482654462592,1725000018200,24.1738170851801
1.51793160967473,0.489619436801293,2.14696064935585,1725000018300,18.0542077173939
1.52627189324437,0.263444629312168,1.55574939021346,1725000018400,17.3470204347204
1.53461217681401,0.0240259652119471,1.75043006804865,1725000018500,24.2147245178882
1.54295246038365,-0.265423114035082,1.98871075884126,1725000018600,19.2232983634668
1.55129274395329,0.0326717681180638,1.5487395212815,1725000018700,22.4240133883176
1.55963302752294,0.27108500891176,1.63499928657015,1725000018800,24.7460414830031
1.56797331109258,0.48659105131122,1.66579328046498,1725000018900,16.991135159881
1.57631359466222,0.589445701584739,1.80236934565969,1725000019000,24.3951190878791
1.58465387823186,0.112719773403805,1.89555788178777,1725000019100,23.8374958787334
1.5929941618015,0.364076538937972,1.70447794556049,1725000019200,16.6053153365222
1.60133444537114,0.41246290442238,1.99950476266281,1725000019300,20.6810395440983
1.60967472894078,0.54908083283991,1.88412117743449,1725000019400,16.1880186701691
1.61801501251043,0.425155772183169,1.96294059238103,1725000019500,23.5370865724184
1.62635529608007,0.302333723552668,1.93413583242222,1725000019600,17.225477460748
1.63469557964971,0.560587650110396,1.98312459261871,1725000019700,21.1153010323712
1.64303586321935,1.00590981487058,2.30916771621246,1725000019800,24.3738968275997
1.65137614678899,0.424388041642023,2.09092142477002,1725000019900,24.2510255456003
1.65971643035863,0.420349609813922,1.77516075318561,1725000020000,23.3942924977532
1.66805671392827,-0.0804970486120013,1.48529453760502,1725000020100,19.6169963019616
1.67639699749791,0.424405993268868,2.08944014385406,1725000020200,15.1842792836851
1.68473728106756,0.759256847908845,2.12098345866604,1725000020300,21.4274607872672
1.6930775646372,1.19321491078913,2.61691507004675,1725000020400,18.5342443379971
1.70141784820684,0.923356232485445,2.24243873718679,1725000020500,23.2082115699142
1.70975813177648,0.678458992424291,2.03800626396143,1725000020600,22.7284653653803
1.71809841534612,0.508493822051771,1.81841776885615,1725000020700,22.8126109089883
1.72643869891576,0.387292550866732,1.96074648262756,1725000020800,18.8285422190844
1.7347789824854,0.500875588468781,2.07634051516852,1725000020900,22.2192187777871
1.74311926605505,0.316193789286997,1.48898354384582,1725000021000,18.7799030252719
1.75145954962469,-0.0849938942024504,1.74707689581496,1725000021100,24.3285573040721
1.75979983319433,0.187683103136869,1.98372230000706,1725000021200,16.7589669905207
1.76814011676397,0.787820790279235,2.30336128820194,1725000021300,17.3500038423017
1.77648040033361,0.380209967154077,1.7473759262167,1725000021400,23.068120323706
1.78482068390325,0.959748004539307,2.17294554591761,1725000021500,21.9477425300369
1.79316096747289,0.835714802763137,2.09791796075668,1725000021600,24.1756711082602
1.80150125104254,0.208820346757648,1.69194777946239,1725000021700,20.8605674734469
1.80984153461218,0.567414563125329,2.29801696006268,1725000021800,20.0603087388389
1.81818181818182,0.285382260941672,1.76746846746958,1725000021900,15.2715520704552
1.82652210175146,0.355171429969667,1.75766185512917,1725000022000,17.3766035409641
1.8348623853211,0.153353074867576,1.70581152674069,1725000022100,20.6084375186496
1.84320266889074,0.845595346397392,2.18185892647779,1725000022200,20.4248497402739
1.85154295246038,0.567821082699109,2.15628008748391,1725000022300,17.0837393958417
1.85988323603003,1.01234253688957,2.32861868408739,1725000022400,21.9186325815394
1.86822351959967,0.622104882943021,1.79869065219473,1725000022500,18.2256082032545
1.87656380316931,0.529366279682844,1.58030789450008,1725000022600,20.0087260333621
1.88490408673895,0.632267404503691,2.08067701206928,1725000022700,22.0606817028204
1.89324437030859,0.240049774161241,2.14069673801525,1725000022800,24.7383304358279
1.90158465387823,0.36173521389019,2.04914164808315,1725000022900,23.5109989264996
1.90992493744787,0.651809326811882,1.99324970758509,1725000023000,15.4276371090063
1.91826522101751,0.264324997552911,1.76883209161485,1725000023100,22.6402246142046
1.92660550458716,0.79467120765139,2.03495930199707,1725000023200,16.4357792470089
1.9349457881568,0.846206922610866,2.21916805471649,1725000023300,24.5349868086797
1.94328607172644,0.336520153677416,1.73022915460422,1725000023400,20.7555379794561
1.95162635529608,0.528272864121929,2.1692851373311,1725000023500,17.7205910472404
1.95996663886572,0.474128647248648,1.83985703442501,1725000023600,15.318639292579
1.96830692243536,0.50248607128084,1.91230370830543,1725000023700,16.2382610554016
1.976647206005,0.822981852919452,2.16719727032805,1725000023800,15.449674113564
1.98498748957465,0.919188949170687,2.27988037408318,1725000023900,19.6807153566676
1.99332777314429,0.891964949014349,2.0851225722541,1725000024000,17.228529788251
2.00166805671393,0.509900458411621,1.93881094296118,1725000024100,18.9604829807244
2.01000834028357,0.625544420389325,1.814350322649,1725000024200,17.2510887455657
2.01834862385321,0.631342367172437,1.76299672464004,1725000024300,23.4639036094221
2.02668890742285,0.467978304460935,1.71057704165576,1725000024400,24.6283933252129
2.03502919099249,0.484135656272114,1.81404051877974,1725000024500,18.5066159512126
2.04336947456214,1.00738500001626,1.70571909508936,1725000024600,15.5961705355315
2.05170975813178,1.00369438772693,2.01862537902413,1725000024700,15.7488241661128
2.06005004170142,0.818135327580773,2.20835992258241,1725000024800,20.2612289174941
2.06839032527106,0.614722077198078,1.79262164759692,1725000024900,17.555592850319
2.0767306088407,0.88468669782212,2.54126490481112,1725000025000,19.1353594018145
2.08507089241034,0.455376257981809,2.13747654175685,1725000025100,20.2070808247688
2.09341117597998,0.62981347988483,2.32873801624908,1725000025200,17.5025476557436
2.10175145954962,0.870629062076381,2.04203328732966,1725000025300,17.0482739404527
2.11009174311927,0.556078455858307,1.97524162018525,1725000025400,23.166243211292
2.11843202668891,0.243684904703574,1.81702858241695,1725000025500,19.3505417260584
2.12677231025855,0.694887064604284,1.87091164339055,1725000025600,23.3749204836045
2.13511259382819,0.567351787209716,1.96380457506815,1725000025700,17.5285975989185
2.14345287739783,0.675053961548027,2.23642896952546,1725000025800,18.8951376763301
2.15179316096747,0.486089560214615,2.11063265346444,1725000025900,15.2143155600462
2.16013344453711,0.599005853233685,2.39563692657099,1725000026000,20.4951375252462
2.16847372810676,0.421884529961547,1.90393990148985,1725000026100,24.5235515958619
2.1768140116764,0.362900741523961,2.09052703607275,1725000026200,21.9349214629107
2.18515429524604,0.797310405206405,1.96535863841343,1725000026300,23.1193258584428
2.19349457881568,0.328831741445114,2.18127849579037,1725000026400,22.893048387201
2.20183486238532,0.540597579147474,2.0625449454246,1725000026500,18.6513221935467
2.21017514595496,0.251907216738243,1.61382392492659,1725000026600,18.4834406370957
2.2185154295246,0.50227503876138,1.88222355678042,1725000026700,15.4576825473527
2.22685571309425,0.226882626772905,1.29673859768546,1725000026800,18.4968430973528
2.23519599666389,0.703603009218138,1.75445140492419,1725000026900,16.8787127295724
2.24353628023353,0.657983538665867,1.9300103195814,1725000027000,17.2141812523211
2.25187656380317,0.597648595009293,1.97354375453162,1725000027100,24.9271890756431
2.26021684737281,0.602067923052696,1.96039192145229,1725000027200,17.23405052616
2.26855713094245,0.330590859737176,1.47114951920228,1725000027300,15.713717021734
2.27689741451209,0.182396196674286,1.77005879187725,1725000027400,16.8715126263163
2.28523769808173,0.408954615787305,1.73066956088889,1725000027500,20.2931426308538
2.29357798165138,0.579400389572793,1.65174586706259,1725000027600,24.6627045003016
2.30191826522102,0.23630096005407,1.73480691610951,1725000027700,21.5360143042308
2.31025854879066,0.305346124765865,1.97376903831751,1725000027800,22.1679344948426
2.3185988323603,0.200734990870185,1.61092052274816,1725000027900,20.234408749747
2.32693911592994,0.652524054232264,2.01945229323596,1725000028000,21.2347558522141
2.33527939949958,0.445918122551248,1.78488662937494,1725000028100,23.3076713645959
2.34361968306922,0.713337105349299,2.10106590912332,1725000028200,18.1074929210466
2.35195996663887,0.428979978393863,2.01511773563162,1725000028300,19.0896524923731
2.36030025020851,0.966907593034111,2.36710969406765,1725000028400,17.244578466907
2.36864053377815,0.858729101094867,2.30446041627461,1725000028500,15.2506048194012
2.37698081734779,0.255253954118349,1.35743328512559,1725000028600,22.0481980402353
2.38532110091743,0.609343010057581,1.98132646419924,1725000028700,18.5414441957108
2.39366138448707,0.878991823910187,2.31384051577821,1725000028800,17.162289087493
2.40200166805671,0.240286904272364,1.5759348217324,1725000028900,17.2645953679968
2.41034195162636,0.994761536596135,2.53633137458901,1725000029000,20.4300433894822
2.418682235196,0.586591690503487,1.91946106745045,1725000029100,19.0619298729825
2.42702251876564,0.156727371259221,1.87746739837814,1725000029200,19.7978125500877
2.43536280233528,0.486369966901756,1.87923021455326,1725000029300,23.9999786296342
2.44370308590492,1.51695191404616,2.89891130159455,1725000029400,17.5897715238305
2.45204336947456,0.676583664697402,2.06531253526604,1725000029500,24.8813240329648
2.4603836530442,0.241033105301467,1.93512143958239,1725000029600,24.8489768480503
2.46872393661384,0.194844769192489,1.48507194162019,1725000029700,23.0599162883404
2.47706422018349,0.363231200124373,1.84917960407871,1725000029800,19.431921767335
2.48540450375313,0.475902273588432,2.26556274426267,1725000029900,16.894353929601
2.49374478732277,1.06567601279255,2.47596813949223,1725000030000,22.8135243287801
2.50208507089241,0.9233247348396,2.03764669250831,1725000030100,24.9015006211379
2.51042535446205,0.776984066241541,2.12621166044209,1725000030200,16.4877188198352
2.51876563803169,1.03344121188904,2.36028999860133,1725000030300,19.0889108799128
2.52710592160133,0.74840209810562,2.18172966329173,1725000030400,17.5557971111007
2.53544620517098,1.00649034452472,2.29172773418206,1725000030500,21.0743058438612
2.54378648874062,0.464304922415744,1.62813574107383,1725000030600,20.4653387651223
2.55212677231026,0.328636589137516,1.95187281706213,1725000030700,21.1221150397275
2.5604670558799,0.462724807123767,1.88938060096089,1725000030800,22.4426906088696
2.56880733944954,0.617278886075664,2.14763137449067,1725000030900,16.0740334393116
2.57714762301918,1.05535831656766,2.36008554789666,1725000031000,24.7746805387172
2.58548790658882,0.518201297748883,1.80243809620421,1725000031100,21.9713451513992
2.59382819015847,1.30703912161178,2.62572388447133,1725000031200,15.0572298173923
2.60216847372811,0.677274893219315,1.95233096712463,1725000031300,23.6351409620809
2.61050875729775,0.758092950468924,2.19040671555715,1725000031400,21.77866851232
2.61884904086739,0.650430342060692,1.90346771068961,1725000031500,15.0470579242729
2.62718932443703,0.43752892081459,1.83911791305733,1725000031600,19.3401008342899
2.63552960800667,0.995978054293616,2.40905434889585,1725000031700,17.2798860745787
2.64386989157631,1.16031232824888,2.73056883873742,1725000031800,19.1158539264666
2.65221017514595,0.76930853528916,1.87968467849499,1725000031900,16.494995318563
2.6605504587156,0.66185292582116,2.26963221432553,1725000032000,17.4696229965396
2.66889074228524,0.733620004713137,2.1232819590433,1725000032100,16.6157478726155
2.67723102585488,0.342967104985738,1.58416792382536,1725000032200,15.8356114714586
2.68557130942452,0.47578350600761,2.04064412003396,1725000032300,22.3582742293547
2.69391159299416,0.634236588437531,1.76508263301004,1725000032400,18.2499999107335
2.7022518765638,0.93504589647323,2.06570159259599,1725000032500,23.4145906556308
2.71059216013344,0.814483556386355,2.13084180054305,1725000032600,16.8684870632641
2.71893244370309,0.349648199262834,1.54079133620497,1725000032700,15.2595587764601
2.72727272727273,0.724227669514085,2.23906661382344,1725000032800,24.1989648131273
2.73561301084237,0.373341591032263,1.88592279602368,1725000032900,19.3044571864975
2.74395329441201,1.17265534982519,2.28950788853368,1725000033000,24.1076807420306
2.75229357798165,0.773693647022843,2.07784008108493,1725000033100,15.4851071945116
2.76063386155129,0.701122793122575,2.27311740617301,1725000033200,24.4003869235296
2.76897414512093,0.54464429262419,1.9503414086044,1725000033300,23.4465556038113
2.77731442869058,1.10068736174802,2.19773123953955,1725000033400,23.5712676157517
2.78565471226022,-0.279976144420796,1.67185276110464,1725000033500,24.0387276127778
2.79399499582986,1.15733815384832,2.71787214368164,1725000033600,20.6180688747857
2.8023352793995,0.465751772035947,1.96330150188537,1725000033700,21.9374540103447
2.81067556296914,0.824300243615606,1.81403114179031,1725000033800,22.5609300046426
2.81901584653878,1.11193973230964,2.5575463402612,1725000033900,23.860661123066
2.82735613010842,0.52116416565342,2.30941379783027,1725000034000,20.7422255191652
2.83569641367807,0.681962629753274,1.95915239067174,1725000034100,16.8816535669144
2.84403669724771,0.987018291759078,1.82511721301691,1725000034200,24.0953177590558
2.85237698081735,0.467676826610297,1.63899194410046,1725000034300,24.1812886503742
2.86071726438699,0.491952261050256,2.02787073868148,1725000034400,21.3793140799542
2.86905754795663,0.425741027659849,2.03056647206771,1725000034500,19.714053464848
2.87739783152627,0.294327709133209,2.0341802158451,1725000034600,17.9904543976804
2.88573811509591,0.967826787473747,2.24612978307711,1725000034700,21.9656647130086
2.89407839866555,0.627540144823567,1.88740536835372,1725000034800,16.0018686080288
2.9024186822352,1.05978015858605,2.61324109473086,1725000034900,17.6748393549625
2.91075896580484,0.820264908330065,1.93665004238555,1725000035000,15.1751997407475
2.91909924937448,0.831375760447283,2.15183898123042,1725000035100,23.099077144732
2.92743953294412,0.634819115244698,1.96415708549315,1725000035200,18.4786652763585
2.93577981651376,0.652303389998404,2.14004593093643,1725000035300,24.5727231711185
2.9441201000834,0.973881712247959,1.85702175907677,1725000035400,15.3886128052062
2.95246038365304,0.789113410931865,1.97778990201268,1725000035500,18.7290900943409
2.96080066722269,1.04713741216046,2.31012168410657,1725000035600,24.4653217112525
2.96914095079233,0.863694069764047,1.99802650083043,1725000035700,19.6919380653715
2.97748123436197,1.07589660491445,2.44903352304792,1725000035800,17.7252981980869
2.98582151793161,0.89216855954813,2.19619500976694,1725000035900,18.4099961998983
2.99416180150125,0.573978878198631,2.11910581708222,1725000036000,16.8066515184327
3.00250208507089,0.69946514255626,2.3731614505318,1725000036100,17.2218211294475
3.01084236864053,0.558692941407552,1.70333717707951,1725000036200,21.3589097397723
3.01918265221018,0.924379295226982,2.78292821014363,1725000036300,18.5682325541201
3.02752293577982,1.37478435270901,2.58144557726255,1725000036400,18.4050278485776
3.03586321934946,1.00448761263292,2.28804610926515,1725000036500,18.363404177411
3.0442035029191,0.653838503709113,1.99531459448604,1725000036600,16.1933465085117
3.05254378648874,0.800895600871331,1.90988437651641,1725000036700,23.8579914637123
3.06088407005838,0.803782557000184,2.00403151190726,1725000036800,19.0184468610386
3.06922435362802,0.631691439582182,2.07218964389808,1725000036900,21.6330475139574
3.07756463719766,1.15680520781729,2.37971390317622,1725000037000,23.6826547420127
3.08590492076731,0.564648238912443,1.97797626299352,1725000037100,23.0279922578413
3.09424520433695,1.07146292868438,2.62443648935684,1725000037200,20.8762623203663
3.10258548790659,0.755799727679509,1.98575856131972,1725000037300,16.6959298681558
3.11092577147623,0.53430346364473,1.73927883029712,1725000037400,24.184538349373
3.11926605504587,1.25421999938458,2.15313736055268,1725000037500,18.3233772853834
3.12760633861551,0.716731501132763,1.95888960214992,1725000037600,21.9458540232382
3.13594662218515,0.837100821784746,2.32627932894076,1725000037700,18.5447820296372
3.1442869057548,0.876544679454587,1.81532808012644,1725000037800,18.1216533625527
3.15262718932444,1.2225562053271,2.35610473934192,1725000037900,16.4702940764422
3.16096747289408,0.60431750264259,1.68598119659906,1725000038000,15.4440702977348
3.16930775646372,0.367274399290367,1.9004728224692,1725000038100,18.8221650130881
3.17764804003336,0.523811194905762,2.25526194995834,1725000038200,22.2600305064271
3.185988323603,0.708665364855901,1.88667793756948,1725000038300,18.6320692418957
3.19432860717264,0.50736956570949,1.59775569294838,1725000038400,21.9903147723075
3.20266889074229,0.864478920973905,1.9630462449823,1725000038500,21.9646733774803
3.21100917431193,1.02841067074567,2.10757974093907,1725000038600,19.2503816571244
3.21934945788157,1.27513135315265,2.26001474589803,1725000038700,15.1229481302189
3.22768974145121,1.16224461179742,1.91821190961205,1725000038800,17.5001900219921
3.23603002502085,1.00258030634411,2.61928455423905,1725000038900,16.7240526305652
3.24437030859049,0.906597510737725,2.13469183935449,1725000039000,20.2973866906505
3.25271059216013,0.640902085887338,2.23604997390893,1725000039100,22.8513763526003
3.26105087572977,0.986125927910729,2.14941877816997,1725000039200,21.7452745989194
3.26939115929942,0.868326896766685,2.27968804536293,1725000039300,19.4902032804749
3.27773144286906,0.972036472939822,2.21420304932693,1725000039400,19.2326373131483
3.2860717264387,0.698938063825177,1.84077460128438,1725000039500,22.5579773251652
3.29441201000834,0.430062048483727,1.80647130894681,1725000039600,22.3661079533394
3.30275229357798,1.27691642995872,2.84955765527347,1725000039700,23.9631690271333
3.31109257714762,0.794872206808699,1.86556465846523,1725000039800,20.452183511405
3.31943286071726,1.07257363788412,2.32712072709598,1725000039900,24.9954529501109
3.32777314428691,0.591912003780496,1.66395184741256,1725000040000,17.9228960712839
3.33611342785655,0.783090989283239,2.35600694962439,1725000040100,17.0140185601482
3.34445371142619,0.71944700019634,2.2438608766548,1725000040200,18.8863124497379
3.35279399499583,0.981498588903055,2.47774129909136,1725000040300,16.8033804206513
3.36113427856547,1.33134138035234,2.50461423116649,1725000040400,17.0509124988162
3.36947456213511,0.826792523726499,2.26722809107001,1725000040500,17.3431918263683
3.37781484570475,0.770464966204863,2.18622571290305,1725000040600,24.8508114185265
3.3861551292744,0.737763531521285,2.24118008944076,1725000040700,24.6993107609288
3.39449541284404,0.717697428783801,2.19712233172772,1725000040800,22.3490759572579
3.40283569641368,0.649950099942674,1.86997447104974,1725000040900,24.721184552353
3.41117597998332,0.68389039693755,1.99018654233142,1725000041000,16.6958941142563
3.41951626355296,0.577449943185486,2.00599634624513,1725000041100,18.682154782509
3.4278565471226,1.1110292506903,2.34261780132913,1725000041200,19.1907404903434
3.43619683069224,0.980429134537704,2.87414376231339,1725000041300,15.059673207249
3.44453711426188,0.662756882869846,2.03265799574552,1725000041400,15.8800065812113
3.45287739783153,1.05533887262138,2.19332119831133,1725000041500,22.6765739869
3.46121768140117,0.796398488448961,2.3829154479151,1725000041600,21.7281985105233
3.46955796497081,1.16609806047424,2.35418996249039,1725000041700,16.0291996048549
3.47789824854045,0.780852011728189,2.0155969260834,1725000041800,18.8723792255718
3.48623853211009,0.789545433795101,1.8432146151747,1725000041900,23.229590441764
3.49457881567973,1.27330990994719,2.24023723212378,1725000042000,17.0346919980449
3.50291909924937,0.927059763036179,2.64511917627797,1725000042100,23.8040918469762
3.51125938281902,0.965010266134014,2.58938690193968,1725000042200,19.1862196129385
3.51959966638866,0.467592011489206,2.33705368523855,1725000042300,15.8363459831026
3.5279399499583,0.700078299690778,2.44229718349137,1725000042400,24.6533452234373
3.53628023352794,0.483005229215061,2.24398148980963,1725000042500,21.1916687280039
3.54462051709758,0.765887563002613,2.19475257754199,1725000042600,23.6296350991892
3.55296080066722,1.01305334374361,2.14011014842197,1725000042700,24.2396307555941
3.56130108423686,1.09714951190913,2.55071864040269,1725000042800,15.9960771365412
3.56964136780651,1.02420541873858,2.46385419978697,1725000042900,24.6495239409731
3.57798165137615,0.99725376226807,2.12658428423781,1725000043000,22.0855980270464
3.58632193494579,0.537228455618812,1.78748059650421,1725000043100,20.1707943129912
3.59466221851543,1.03775652156518,2.39454901098175,1725000043200,17.3501762940898
3.60300250208507,0.939476273676128,2.36253969727202,1725000043300,19.1411430338504
3.61134278565471,0.409472218709566,1.90105149704925,1725000043400,18.5173119597686
3.61968306922435,0.826197341285516,2.43755017908783,1725000043500,24.1534782054544
3.628023352794,0.815593585927032,1.8909521347951,1725000043600,24.4886594750887
3.63636363636364,0.784486452610932,2.09446179077233,1725000043700,15.4670258949672
3.64470391993328,1.05100131468931,2.6362788840332,1725000043800,21.7912143144328
3.65304420350292,0.96155144700921,2.18146076621129,1725000043900,24.7632126295391
3.66138448707256,0.749197781797966,2.08521111290003,1725000044000,18.1139435794648
3.6697247706422,0.961675566301727,2.56057718648524,1725000044100,15.4823074490944
3.67806505421184,0.781384438498312,2.04268452810479,1725000044200,18.90967833448
3.68640533778148,0.77788541494391,2.26561154631716,1725000044300,22.8955170787953
3.69474562135113,0.813669955947874,2.051173905037,1725000044400,20.8045934333933
3.70308590492077,0.524807830159929,2.14141152752781,1725000044500,17.0136975021101
3.71142618849041,0.676872430070919,1.79364038411043,1725000044600,23.2895853240016
3.71976647206005,1.13284132337854,1.96372364213884,1725000044700,23.2511826561555
3.72810675562969,0.811070084944801,2.06688380593726,1725000044800,15.5398714142852
3.73644703919933,1.06123988632577,2.3071694373213,1725000044900,21.4537566306331
3.74478732276897,1.25142227370282,2.34380791329271,1725000045000,24.9378430769722
3.75312760633862,0.675995517593944,1.73741271334046,1725000045100,16.491402266541
3.76146788990826,1.2902395926849,2.52208037988601,1725000045200,15.7546063189667
3.7698081734779,0.491338207397813,1.84675180073294,1725000045300,19.8804280938629
3.77814845704754,1.11776998781881,2.57555031613855,1725000045400,15.479885042397
3.78648874061718,0.951320463404622,2.37727888674872,1725000045500,15.8752075141137
3.79482902418682,1.14986040541665,2.2103425933914,1725000045600,19.090177271819
3.80316930775646,0.459858778558452,1.73969096274518,1725000045700,15.7506589193049
3.81150959132611,1.017189700746,2.08950496496563,1725000045800,20.6870795163061
3.81984987489575,0.847925346429754,1.9986119510059,1725000045900,19.7782396687664
3.82819015846539,0.868797597783182,1.62808744835883,1725000046000,24.9689932236685
3.83653044203503,0.836112843397846,2.03678254381569,1725000046100,17.6278752600429
3.84487072560467,0.854051234769235,1.89396383635149,1725000046200,21.7938730866395
3.85321100917431,0.897747559574445,2.14177185709029,1725000046300,16.1483522554854
3.86155129274395,1.07120876580391,2.52267028817066,1725000046400,17.0722824783845
3.86989157631359,0.850228049038612,1.80617658978439,1725000046500,19.1469077329121
3.87823185988324,0.828835395660275,2.46125086005754,1725000046600,15.6689290976691
3.88657214345288,0.488714668819969,1.88765287944986,1725000046700,20.1053562489054
3.89491242702252,1.24484140943793,2.21668090975945,1725000046800,19.1205070555791
3.90325271059216,0.855025571813119,2.12925356610362,1725000046900,17.7444742845726
3.9115929941618,1.1206486293137,2.00296450456832,1725000047000,20.1267182586016
3.91993327773144,0.471187026053152,1.59528266035562,1725000047100,24.9240149281294
3.92827356130108,1.36463476458269,2.32334387036116,1725000047200,17.7196759702438
3.93661384487073,1.41538879358519,2.65764459821918,1725000047300,24.0703364963117
3.94495412844037,1.20449010942165,2.33275477307396,1725000047400,19.2058082136529
3.95329441201001,0.673860613315065,2.17144934567211,1725000047500,16.7583698025301
3.96163469557965,1.41355608805229,2.44703637528438,1725000047600,17.5365143423722
3.96997497914929,1.40882270307224,2.62684226295561,1725000047700,15.6612323461332
3.97831526271893,1.37681203956948,2.71455156711564,1725000047800,15.9236644513025
3.98665554628857,1.04540501410764,2.36266494521893,1725000047900,23.5475880979787
3.99499582985822,1.03941068296388,2.48781510024287,1725000048000,15.0524574435091
4.00333611342786,0.706831369291538,1.76266425613524,1725000048100,24.698002352048
4.0116763969975,0.27913427563563,1.72127125726047,1725000048200,15.4913633456984
4.02001668056714,0.331217476357279,1.83171648063855,1725000048300,22.6752515442842
4.02835696413678,1.01688345503961,1.93801951284267,1725000048400,17.2701105145459
4.03669724770642,0.654104505547918,1.91837137073753,1725000048500,19.2454805309644
4.04503753127606,1.0370605680941,2.25999107069967,1725000048600,17.768983876337
4.0533778148457,0.905774438069498,2.36021486693537,1725000048700,24.9047216093273
4.06171809841535,1.22838689935501,2.69246773383315,1725000048800,18.9013048276102
4.07005838198499,1.07623415383184,2.53252944583747,1725000048900,22.7585643356795
4.07839866555463,1.38935465608663,2.52870928265544,1725000049000,23.5871265087361
4.08673894912427,0.169336221304337,1.44974412139522,1725000049100,15.9322781759882
4.09507923269391,0.931229439779454,2.3900862250038,1725000049200,17.0160138257105
4.10341951626355,0.819788456400292,2.10658813541672,1725000049300,21.1695608623883
4.11175979983319,1.11341421606315,2.62332199656044,1725000049400,21.1515119690698
4.12010008340284,0.335033863169461,1.82194488111787,1725000049500,17.503186611397
4.12844036697248,0.113307986069524,1.76082189037173,1725000049600,17.7332003901584
4.13678065054212,0.928297041480685,2.31287145866506,1725000049700,15.4227004878068
4.14512093411176,1.34696640255747,2.48394904111234,1725000049800,22.5201370857743
4.1534612176814,0.677824564017627,2.17777786802568,1725000049900,19.9341815693509
4.16180150125104,0.5754548500772,1.86836062894491,1725000050000,23.4544356295049
4.17014178482068,0.441970023813356,1.76696629841411,1725000050100,18.5906441408532
4.17848206839033,0.835532450798076,1.83809917207651,1725000050200,21.2184344467503
4.18682235195997,0.952215852387383,2.04950602320427,1725000050300,18.6795855420445
4.19516263552961,0.850074633684856,2.11161234079549,1725000050400,20.8582559122093
4.20350291909925,0.677228129956389,2.02543124879085,1725000050500,17.5559564699954
4.21184320266889,0.67601459315374,2.27713414481071,1725000050600,22.303830673223
4.22018348623853,0.952330625457015,2.31100489488771,1725000050700,15.7071048367502
4.22852376980817,1.31643157841046,2.93850471304094,1725000050800,22.751479202492
4.23686405337781,0.912772959410152,2.1939508102611,1725000050900,20.586010114781
4.24520433694746,1.17654167023733,2.06458537425411,1725000051000,23.7489801448694
4.2535446205171,0.900254596696457,2.16289383875694,1725000051100,21.875410889414
4.26188490408674,0.720604338979851,1.61456673679926,1725000051200,23.787740292233
4.27022518765638,1.63044046145308,2.85474453769398,1725000051300,24.8064325971447
4.27856547122602,1.15908842765952,2.58607196958715,1725000051400,19.7104412851202
4.28690575479566,0.433609290264695,1.58444764409595,1725000051500,24.5323086569856
4.2952460383653,1.41409656129417,2.68664719623372,1725000051600,21.9546911447643
4.30358632193495,1.0334759018548,2.25052466274141,1725000051700,20.0637298168036
4.31192660550459,1.19870772557622,2.66063273146273,1725000051800,15.640082163093
4.32026688907423,0.201523526252065,1.83036037808358,1725000051900,24.0783334197586
4.32860717264387,1.03127930909322,2.18415047418038,1725000052000,24.9649288880118
4.33694745621351,1.06791852128181,2.85650238346471,1725000052100,16.5762003588396
4.34528773978315,0.791315208492672,2.23303109693184,1725000052200,15.1047581501172
4.35362802335279,1.10800939174382,2.18190424966017,1725000052300,24.5379918093324
4.36196830692244,1.01434539163387,2.1433498892009,1725000052400,22.6585265042767
4.37030859049208,0.475824701325039,1.89367893896847,1725000052500,20.0903935888586
4.37864887406172,0.790032811940959,2.3267896306423,1725000052600,20.2573282048218
4.38698915763136,1.62829302130423,2.90919283053432,1725000052700,21.2473638292503
4.395329441201,1.61728733081265,2.804826356487,1725000052800,22.4173606597394
4.40366972477064,0.963340014134092,2.38118010736356,1725000052900,23.8724884724454
4.41201000834028,1.01055312970834,2.03986230300109,1725000053000,22.9263649927801
4.42035029190992,1.2021548134765,2.42247257821148,1725000053100,21.4796201133205
4.42869057547957,1.27311142500654,2.3770976331869,1725000053200,21.2597007228733
4.43703085904921,1.01825240598959,2.26502658659947,1725000053300,24.5374406574966
4.44537114261885,0.813985463049499,2.34487652529171,1725000053400,15.1944480123413
4.45371142618849,1.14198375083293,2.21140943622173,1725000053500,17.3273050972822
4.46205170975813,0.393090420098011,1.69204672110393,1725000053600,22.0737421571964
4.47039199332777,1.05782893112643,2.44393222263931,1725000053700,17.1175706409927
4.47873227689741,1.01434190462099,2.09918302140299,1725000053800,20.2498100988665
4.48707256046706,1.27046848623723,2.67357511143152,1725000053900,16.2310986697766
4.4954128440367,1.12669077908001,2.25183250576406,1725000054000,17.4450361211929
4.50375312760634,0.894445374425992,2.29750836118566,1725000054100,21.1099607959064
4.51209341117598,0.531861447452594,1.62832382169718,1725000054200,15.3973237154901
4.52043369474562,1.19838651638294,2.16796630172873,1725000054300,17.6983601364326
4.52877397831526,1.29522649391656,2.58649378468632,1725000054400,20.2342057341665
4.5371142618849,1.10046591069535,2.40215527707874,1725000054500,17.8720254192724
4.54545454545455,1.1657817085068,2.84388028261106,1725000054600,17.1578244015473
4.55379482902419,0.548749669678758,2.52782066202232,1725000054700,20.8829577400443
4.56213511259383,0.79305954754734,2.30734542587553,1725000054800,20.7824555002034
4.57047539616347,0.996789586708732,2.19698047289981,1725000054900,24.932247080152
4.57881567973311,0.805401319308019,2.05275743822038,1725000055000,19.9417889519958
4.58715596330275,0.6005898914148,1.75520718655009,1725000055100,22.6529151610343
4.59549624687239,0.782257313421141,2.30587307617797,1725000055200,22.7294973587817
4.60383653044204,1.0013466815737,2.23208640445666,1725000055300,15.4199067742726
4.61217681401168,0.774938373215228,1.93304977604313,1725000055400,23.340322232249
4.62051709758132,1.17574793699656,2.18760056822829,1725000055500,22.7098416025299
4.62885738115096,1.09617018016697,2.39684438135264,1725000055600,20.3522452686376
4.6371976647206,0.543375469468173,1.98523384298543,1725000055700,22.3959255011198
4.64553794829024,1.37634630459542,2.51451393006414,1725000055800,22.0218172707901
4.65387823185988,0.848194144786607,2.20923955865983,1725000055900,21.2016239492011
4.66221851542953,0.930738624355343,1.76501026266846,1725000056000,17.0133860276948
4.67055879899917,1.30204367775599,2.7031502463762,1725000056100,22.9695830317643
4.67889908256881,1.10031491983355,2.56819424135064,1725000056200,16.2507729093888
4.68723936613845,0.635136632765258,2.09510078687479,1725000056300,17.2046641333212
4.69557964970809,0.906922675018745,2.48244010464233,1725000056400,19.3061873955413
4.70391993327773,0.53911964286106,1.64113777906584,1725000056500,22.1921537994745
4.71226021684737,0.729832913147586,2.02689240326025,1725000056600,16.2101588828792
4.72060050041701,1.1580413750688,2.15457316443478,1725000056700,20.3042253148515
4.72894078398666,0.615094972424365,2.11293387193508,1725000056800,16.392681203602
4.7372810675563,0.590198568557487,2.09446659901095,1725000056900,23.1871163398058
4.74562135112594,1.01114104548766,2.26612396369445,1725000057000,15.8022392861417
4.75396163469558,1.43297890088308,2.44302702995273,1725000057100,23.8949247470147
4.76230191826522,1.26392055566098,2.48190425761982,1725000057200,17.999806011033
4.77064220183486,1.42357532577796,3.02870589411486,1725000057300,16.8190516064883
4.7789824854045,1.07347385448897,2.16067814397434,1725000057400,19.3773998415167
4.78732276897415,1.08748310204671,2.43597765358672,1725000057500,20.3294519549128
4.79566305254379,1.50606530430072,2.46427474796736,1725000057600,23.2551968355429
4.80400333611343,0.522610681573631,1.87967301007012,1725000057700,16.4067692401224
4.81234361968307,0.683759761994798,1.68156708245272,1725000057800,24.9346459973107
4.82068390325271,0.984791370263245,2.23533018955845,1725000057900,22.8706914415568
4.82902418682235,1.18426002259629,2.37689693762579,1725000058000,16.9141390481305
4.83736447039199,1.35012158063446,2.71854649344958,1725000058100,15.1205674986593
4.84570475396163,1.31014830083074,2.81168761287429,1725000058200,20.7193832551181
4.85404503753128,1.413697896818,2.7894685551435,1725000058300,17.9327598183218
4.86238532110092,0.911541087823331,1.76294731452743,1725000058400,21.9563894794162
4.87072560467056,1.02051483160085,2.28113585682785,1725000058500,24.5615343622285
4.8790658882402,0.740771393352339,2.03459470590638,1725000058600,21.9708300473406
4.88740617180984,0.627388387429977,1.94523034540327,1725000058700,22.418423466385
4.89574645537948,0.678427443382539,2.09677210303983,1725000058800,17.4812878999376
4.90408673894912,1.00076747784074,2.16597775136996,1725000058900,22.4786363927446
4.91242702251877,1.17874062420574,2.55206263078092,1725000059000,24.2612311289041
4.92076730608841,0.889208944283944,2.23926370531895,1725000059100,24.3058095150579
4.92910758965805,0.316445451087266,2.07413410339074,1725000059200,24.3462150061261
4.93744787322769,1.38129424967473,2.75885728777523,1725000059300,24.4311545457591
4.94578815679733,0.439464023013556,1.91442825656586,1725000059400,17.0514495784185
4.95412844036697,0.900500240586551,2.29416093557338,1725000059500,17.0778302132471
4.96246872393661,1.15952210144761,2.47306719689667,1725000059600,18.083525696697
4.97080900750626,1.16191022143567,2.29003854228642,1725000059700,20.1885508648928
4.9791492910759,1.12053618554987,2.21456040577053,1725000059800,17.9388117204087
4.98748957464554,1.0630000863171,2.39175174711151,1725000059900,20.2258769259385
4.99582985821518,1.15843060807464,2.58661283704949,1725000060000,16.4268032822304
5.00417014178482,1.17710089416462,2.31113212127767,1725000060100,20.9508040918184
5.01251042535446,1.67093847472977,3.01161596432687,1725000060200,18.7444157985288
5.0208507089241,0.656607817070217,2.41721443572511,1725000060300,20.46069425044
5.02919099249374,0.719113922558408,2.46759587596921,1725000060400,22.4291956581809
5.03753127606339,0.962094535174441,2.7452565461003,1725000060500,21.1628845293243
5.04587155963303,0.710711360936515,2.52911111689143,1725000060600,15.3370976848085
5.05421184320267,1.0956626560911,2.61796088052441,1725000060700,23.8859974202713
5.06255212677231,1.47180298300492,2.8580126161011,1725000060800,17.2343504874035
5.07089241034195,1.20964161916763,2.05956381723835,1725000060900,19.6282183955012
5.07923269391159,0.931057381933739,2.44737348392873,1725000061000,16.8426090107772
5.08757297748123,0.986458286094261,1.96784561517197,1725000061100,15.4999628072273
5.09591326105088,0.993351212369242,2.46966857953781,1725000061200,22.6651623103381
5.10425354462052,0.799443537553318,2.21105353330559,1725000061300,16.674458952358
5.11259382819016,0.871735766828208,2.14912331501535,1725000061400,16.0628660647283
5.1209341117598,1.15405943675596,2.22623991130133,1725000061500,15.022395080865
5.12927439532944,1.61846978533828,3.09688392175109,1725000061600,17.5854950604057
5.13761467889908,0.976889939565361,1.89431189696965,1725000061700,22.8428474254174
5.14595496246872,1.03731488697652,2.42353044394996,1725000061800,15.6612560275767
5.15429524603837,0.675661825099417,1.91082442944016,1725000061900,24.926175710036
5.16263552960801,1.41580932974933,2.86787817647528,1725000062000,20.7783347263306
5.17097581317765,0.830529160145679,2.13828941622348,1725000062100,21.7194221984975
5.17931609674729,1.20274514757727,2.7012199158936,1725000062200,20.8495448123235
5.18765638031693,0.547622232514351,2.07870426090897,1725000062300,24.8645652800502
5.19599666388657,1.13957739516955,2.45933985213716,1725000062400,18.2303726109199
5.20433694745621,0.939620686481955,2.02811715772473,1725000062500,20.6071144940486
5.21267723102585,0.988918361201065,2.18693483076962,1725000062600,15.4409903236959
5.2210175145955,1.4154186494369,2.2690415254858,1725000062700,20.2987219219453
5.22935779816514,0.853681419110866,2.16697370311695,1725000062800,17.9184342768323
5.23769808173478,0.843745218750431,1.80604800610206,1725000062900,20.7282390480614
5.24603836530442,1.30901531597716,3.02990641020073,1725000063000,20.5920696792517
5.25437864887406,0.758340764797142,2.14226629873406,1725000063100,15.2254601512839
5.2627189324437,1.320242499807,2.54095897294518,1725000063200,19.6325614002796
5.27105921601334,0.972345105911322,2.35768221341706,1725000063300,23.4543594197555
5.27939949958299,0.682605934888269,2.31823785557545,1725000063400,24.2026974795616
5.28773978315263,0.813927810117565,2.35558752297132,1725000063500,23.5053008899839
5.29608006672227,0.56963459956853,2.08577535368644,1725000063600,16.5334916001455
5.30442035029191,1.11756803651828,2.34149871908449,1725000063700,20.1566231769058
5.31276063386155,1.01776341887187,1.83799620279782,1725000063800,16.4289406956106
5.32110091743119,1.20882277290433,2.22214711195018,1725000063900,22.459479597086
5.32944120100083,0.664010531916895,1.90436559654859,1725000064000,16.1286990487938
5.33778148457047,1.65139486671267,2.55055656267926,1725000064100,21.631191178919
5.34612176814012,1.28840956775395,2.43574968184334,1725000064200,20.6208500438261
5.35446205170976,1.07578265474599,2.56591633807154,1725000064300,22.3192852257363
5.3628023352794,0.462133687832976,1.81152365151349,1725000064400,23.639397867185
5.37114261884904,1.02529953250298,2.39149474550331,1725000064500,24.5375384868034
5.37948290241868,1.20468410684971,2.48563781717951,1725000064600,17.2116273443144
5.38782318598832,1.31882515735169,2.76450486160706,1725000064700,23.8394694466639
5.39616346955796,1.75532391986128,2.77226357348332,1725000064800,23.5042122917372
5.40450375312761,0.986450934297904,2.55442549451329,1725000064900,19.3744776816234
5.41284403669725,1.58412325879135,3.1286168744982,1725000065000,19.2738151668947
5.42118432026689,1.44307740554514,3.14531703667536,1725000065100,18.4729855439927
5.42952460383653,0.711419876832626,2.16145145603969,1725000065200,22.8714916372995
5.43786488740617,0.618589146278086,2.28486097948688,1725000065300,21.0994922416216
5.44620517097581,1.15932236336089,2.36039007884493,1725000065400,15.8830921844789
5.45454545454545,0.553549906693485,2.04001493517665,1725000065500,21.796498047894
5.4628857381151,0.711421890830508,2.51991748752086,1725000065600,21.2519741685795
5.47122602168474,0.381177267350924,1.89976949407396,1725000065700,18.5709163769206
5.47956630525438,1.5029812064818,2.71010017251102,1725000065800,17.1777885729054
5.48790658882402,1.51240263360876,2.83278266940553,1725000065900,15.051820243952
5.49624687239366,0.885858133619615,2.05411943502579,1725000066000,23.8354513360348
5.5045871559633,0.988655613219796,2.48480314634597,1725000066100,15.9574909038636
5.51292743953294,0.993594634305004,2.43454054485943,1725000066200,23.2319454614158
5.52126772310259,0.854893753269794,2.35022554463964,1725000066300,22.7034342329202
5.52960800667223,0.875414018680554,2.20085282318453,1725000066400,21.7300604086205
5.53794829024187,1.11244810693427,2.26858209659125,1725000066500,18.5254780163071
5.54628857381151,0.718544041346564,2.17305438228121,1725000066600,19.8722199503141
5.55462885738115,1.15218312217262,2.59762611838241,1725000066700,22.2347377297582
5.56296914095079,0.830641778110524,2.00735335435457,1725000066800,15.8411070517845
5.57130942452043,1.21736222672315,2.48532566595873,1725000066900,22.2337451851328
5.57964970809008,0.788844563292544,1.99910767891987,1725000067000,18.3903274215785
5.58798999165972,0.872150639763305,2.31201493875715,1725000067100,19.040327429763
5.59633027522936,1.11986854644032,2.40761956396568,1725000067200,21.5748663533575
5.604670558799,1.17308235746814,2.65782638082782,1725000067300,19.1392867844693
5.61301084236864,1.07670060619181,2.18791616183544,1725000067400,21.8775405069118
5.62135112593828,1.17619438984044,2.46499645787388,1725000067500,18.0170075517719
5.62969140950792,1.2806529622458,2.42295496585737,1725000067600,19.9816441361013
5.63803169307756,1.12918141673628,2.21488411261264,1725000067700,24.5739063988712
5.64637197664721,0.831594051991652,2.27133550282126,1725000067800,16.1629248975956
5.65471226021685,0.524090359298222,1.93378480240524,1725000067900,22.4554302913719
5.66305254378649,0.786036081755469,2.0284514764721,1725000068000,16.957606501738
5.67139282735613,0.618670576270872,2.00663680024105,1725000068100,23.0336662191481
5.67973311092577,1.62084421482367,2.91434717291103,1725000068200,22.6039715285228
5.68807339449541,1.06894575747118,1.96297323839235,1725000068300,18.1225169998489
5.69641367806505,0.82543908714309,2.4112051311313,1725000068400,24.5296652697211
5.7047539616347,1.60509305264026,2.82515935038223,1725000068500,19.6296357507849
5.71309424520434,1.056796506256,2.45926469605285,1725000068600,24.9783740143045
5.72143452877398,0.711335795678256,1.96810440465967,1725000068700,22.5394361843517
5.72977481234362,1.16570991310714,2.38898822727266,1725000068800,22.1795311461311
5.73811509591326,1.32365781640134,2.79596335994174,1725000068900,15.6398283274953
5.7464553794829,0.926263509608142,2.26442470391351,1725000069000,24.4420543927741
5.75479566305254,1.49015710384263,2.47463839499741,1725000069100,24.0722640534258
5.76313594662219,1.03784468391953,2.23325240697215,1725000069200,24.6833987799038
5.77147623019183,1.08756937102558,2.56268185028766,1725000069300,19.9701409352026
5.77981651376147,0.999884852263947,2.32286605622351,1725000069400,22.4718865046332
5.78815679733111,0.847373486582073,2.1692886660581,1725000069500,23.4722276616395
5.79649708090075,1.14692636401851,2.36469530163419,1725000069600,24.4103722056185
5.80483736447039,1.43356707661555,2.52619756864457,1725000069700,18.6952735292835
5.81317764804003,0.739451634990199,1.87688200967966,1725000069800,15.0702227717992
5.82151793160967,0.997107260819682,2.3336425415197,1725000069900,24.5626357768966
5.82985821517932,0.550154845589759,1.83036863888759,1725000070000,20.8150846824909
5.83819849874896,0.403870095531184,2.05610181792153,1725000070100,19.9982524610421
5.8465387823186,1.6948863769196,2.91388548465538,1725000070200,24.9462000173822
5.85487906588824,1.09875509769607,2.74027335863279,1725000070300,18.281297192307
5.86321934945788,0.563717671646347,1.87892811745927,1725000070400,15.0274580657601
5.87155963302752,1.08180100546451,2.45003331003603,1725000070500,22.6889330739253
5.87989991659716,0.965111655311898,2.45347268677178,1725000070600,23.8549108883379
5.88824020016681,1.22792776283233,2.56788974286201,1725000070700,23.9209045812284
5.89658048373645,0.820722361207511,1.87575760126665,1725000070800,22.4175746745532
5.90492076730609,0.886640745689393,2.43323039787309,1725000070900,21.8774178798961
5.91326105087573,0.806685977105822,2.28049532080404,1725000071000,19.2269518418543
5.92160133444537,0.924954038873703,2.19468021853565,1725000071100,17.6354963853452
5.92994161801501,0.947611648983553,2.0627941976986,1725000071200,18.783941713466
5.93828190158465,0.838932546993264,2.26487661946628,1725000071300,17.295101637944
5.9466221851543,1.4767231877754,2.79422947037633,1725000071400,19.4697458501012
5.95496246872394,1.29934606479662,2.41624945283075,1725000071500,24.4251410622091
5.96330275229358,1.05638444791331,2.3809696924956,1725000071600,23.5199007934378
5.97164303586322,1.65829452747583,3.12336715243324,1725000071700,15.3436125542033
5.97998331943286,1.12449633720538,2.49762372367324,1725000071800,21.4685656858491
5.9883236030025,1.02389895829013,2.39242869289813,1725000071900,24.3320768726179
5.99666388657214,0.830675715765155,2.06297939071519,1725000072000,20.6477116584375
6.00500417014178,1.18541877473093,2.36456585129517,1725000072100,18.0278403000316
6.01334445371143,1.22493930289233,2.49980636596238,1725000072200,15.8551642869262
6.02168473728107,1.85692675889077,3.1406538341372,1725000072300,20.9582096310792
6.03002502085071,1.10955618389296,2.78635181064552,1725000072400,19.5333253680391
6.03836530442035,1.17016372407671,2.46575251594345,1725000072500,18.0948196564332
6.04670558798999,1.10994962531801,2.42871812698009,1725000072600,16.9005129419985
6.05504587155963,0.508887374008166,1.67620359451666,1725000072700,20.0694997780256
6.06338615512927,1.57481046442193,2.85250409582331,1725000072800,17.7278265457397
6.07172643869892,0.53437486507172,1.83934329976875,1725000072900,20.4409446856408
6.08006672226856,1.17770042709344,2.43955850709977,1725000073000,21.3248416280125
6.0884070058382,1.12651352109449,2.38299915801196,1725000073100,15.7631373596513
6.09674728940784,0.751962444118024,1.95112414087321,1725000073200,15.1234671753268
6.10508757297748,1.30017114437566,2.62390877100282,1725000073300,16.8846857508222
6.11342785654712,1.06097377273289,2.23640611297352,1725000073400,23.1777568220446
6.12176814011676,0.3360255885902,1.40577861197822,1725000073500,15.7905720595379
6.1301084236864,0.870424978105683,2.26712421922121,1725000073600,23.7891920127958
6.13844870725605,0.772204734789833,2.63381360738708,1725000073700,23.7732741305933
6.14678899082569,1.18520657232597,2.23914934906581,1725000073800,23.894461170057
6.15512927439533,1.3031448329178,2.63256888717623,1725000073900,24.3717250618897
6.16346955796497,0.85553711004235,1.91301512244701,1725000074000,17.0106134300028
6.17180984153461,0.852537626640843,2.34765340711643,1725000074100,16.5655278263102
6.18015012510425,0.801917703477443,2.33718187932644,1725000074200,19.8217027193571
6.18849040867389,0.899800609937035,2.42045336764964,1725000074300,19.8902250626483
6.19683069224354,0.921113744169806,2.32570784601907,1725000074400,17.1657985537323
6.20517097581318,0.655697410356832,2.11683986953653,1725000074500,15.4314580213866
6.21351125938282,1.13278136749503,2.61298062701841,1725000074600,23.913218961305
6.22185154295246,1.18953160676615,2.07005187281534,1725000074700,21.5762152786392
6.2301918265221,0.896714638159121,2.11387513835347,1725000074800,15.6833362421749
6.23853211009174,1.14949731887013,2.52943639743334,1725000074900,18.5332756110349
6.24687239366138,0.668415945444438,2.02319612965951,1725000075000,24.2848573471105
6.25521267723103,0.527002483872501,1.8705254711479,1725000075100,24.4428396076896
6.26355296080067,0.632885968124515,1.78409341272957,1725000075200,17.8759913284844
6.27189324437031,0.846498819725563,2.24243603796644,1725000075300,21.4261644390433
6.28023352793995,0.662403631086413,1.75320081585453,1725000075400,23.5491560670284
6.28857381150959,0.941010748067526,2.31890668907524,1725000075500,15.5029226320479
6.29691409507923,0.627778634278608,1.95123025166156,1725000075600,20.3890963379584
6.30525437864887,1.13793799695997,2.40682600907108,1725000075700,19.8630705960009
6.31359466221852,1.00726348476574,2.57870807897034,1725000075800,16.8280252623356
6.32193494578816,1.01472119918026,1.77834760443629,1725000075900,20.7639455226536
6.3302752293578,1.32792941381495,2.34330533481142,1725000076000,19.3484868211047
6.33861551292744,0.592409147465717,2.17898291052533,1725000076100,19.4727117961571
6.34695579649708,1.15146158993686,2.27067168452306,1725000076200,21.6834708449126
6.35529608006672,0.974683360002691,2.40241857266159,1725000076300,17.1342689079515
6.36363636363636,1.17409291857472,2.40957640694168,1725000076400,19.9711890474983
6.37197664720601,0.892883582901288,2.21632523435119,1725000076500,19.4396411011839
6.38031693077565,0.765900789167859,2.3021401649597,1725000076600,18.448529097792
6.38865721434529,1.09983854913264,2.22683217845647,1725000076700,23.08707603033
6.39699749791493,1.46060276911858,2.69997461011668,1725000076800,22.0678768617011
6.40533778148457,1.03677188735451,2.59549349807684,1725000076900,23.8375441541276
6.41367806505421,0.968815051362836,2.41568313244249,1725000077000,21.0707882918184
6.42201834862385,0.796363533411255,2.4106629781372,1725000077100,18.7739420675711
6.43035863219349,0.816161660533505,1.97708069187466,1725000077200,17.0450120759281
6.43869891576314,0.88489593969578,2.01419642712104,1725000077300,20.915194571779
6.44703919933278,0.981686239131117,2.28391300522179,1725000077400,19.8194179254906
6.45537948290242,0.592206583475089,1.79466498641986,1725000077500,20.948074299676
6.46371976647206,0.563694261725603,2.01231880801112,1725000077600,15.3681909868912
6.4720600500417,1.18847959824763,2.45168061612887,1725000077700,19.0677833066992
6.48040033361134,0.720011259817896,2.39367348306373,1725000077800,21.0632352596858
6.48874061718098,1.2747943630366,2.77284160424706,1725000077900,16.1644374701879
6.49708090075063,0.962902204801935,2.1093175720648,1725000078000,17.4741161772093
6.50542118432027,0.545409310850715,1.88668728707338,1725000078100,16.7846658740099
6.51376146788991,0.499662839626468,1.89976012181587,1725000078200,20.4293658583247
6.52210175145955,0.772853484054716,2.39589257021739,1725000078300,22.6887055149496
6.53044203502919,0.723147988547589,2.27819265068798,1725000078400,18.4463689405442
6.53878231859883,1.09965977352492,2.40489298100658,1725000078500,15.6090162784472
6.54712260216847,0.441324881450552,1.76247506117395,1725000078600,16.7427725367095
6.55546288573812,0.696276769081952,2.2119455410264,1725000078700,23.2521523116507
6.56380316930776,0.777719251107257,1.87273664896622,1725000078800,24.6241791773053
6.5721434528774,0.679233709399187,1.88980978118575,1725000078900,20.6270533324367
6.58048373644704,1.20095485890307,2.71267796990987,1725000079000,21.1513585528308
6.58882402001668,0.89612211370264,1.92182142747162,1725000079100,24.9265728000143
6.59716430358632,0.707444661387412,1.90180190031512,1725000079200,24.4021152000081
6.60550458715596,0.907022060067599,2.35988626735356,1725000079300,19.0101114468243
6.6138448707256,0.740201166196127,2.06286097681575,1725000079400,17.654882780238
6.62218515429525,1.29315939690758,2.58068217067832,1725000079500,19.9813921017033
6.63052543786489,0.668065913842034,2.17982040229102,1725000079600,18.3057566841883
6.63886572143453,0.606981279544395,1.76519408622556,1725000079700,15.6450160859178
6.64720600500417,1.10570869960223,2.25831667375023,1725000079800,22.0963492425594
6.65554628857381,0.633853189611402,1.59520010377546,1725000079900,16.4846375277741
6.66388657214345,1.10161122337673,2.51816741380165,1725000080000,17.3396941285015
6.67222685571309,0.826149923834729,2.13308380517841,1725000080100,23.7130093069791
6.68056713928274,1.31894767577729,2.57922028162058,1725000080200,20.7604896085208
6.68890742285238,1.06155484020279,2.73155488872127,1725000080300,19.2384985083174
6.69724770642202,-0.00936897794134328,1.46551431517495,1725000080400,24.8609012885023
6.70558798999166,1.15455339220963,2.26474881636141,1725000080500,17.8827661368565
6.7139282735613,0.229488723877739,1.71178296634347,1725000080600,18.5735991413947
6.72226855713094,1.36963652360241,2.93325716365537,1725000080700,17.2919215554238
6.73060884070058,0.680426328174733,2.36610245195424,1725000080800,16.3884472545999
6.73894912427023,1.46357839641123,2.96081863257705,1725000080900,17.3507334826762
6.74728940783987,1.08503574869489,2.46351839131414,1725000081000,21.2827418119112
6.75562969140951,0.447913374271521,2.04475419504967,1725000081100,17.1604131327501
6.76396997497915,1.1215395162263,2.50772803777258,1725000081200,17.0693597383583
6.77231025854879,1.45984529741673,2.57290700643449,1725000081300,15.6567129965876
6.78065054211843,0.553941938869138,2.05658384497832,1725000081400,22.9727786707321
6.78899082568807,1.12312642024938,2.67750294271295,1725000081500,15.9845733269455
6.79733110925771,0.729283653335965,2.2193219630047,1725000081600,16.3201276186108
6.80567139282736,1.03762995764874,2.42464475875835,1725000081700,20.2934729692707
6.814011676397,1.09647402973383,2.48235866066129,1725000081800,20.2562569465199
6.82235195996664,0.986028201127711,1.85301272760541,1725000081900,16.7466926252998
6.83069224353628,0.810558815134626,1.54330670547392,1725000082000,19.9913250696099
6.83903252710592,0.570744047192584,1.93909161767074,1725000082100,20.3676138435164
6.84737281067556,0.481249735033204,2.23276409960547,1725000082200,21.4373156623308
6.8557130942452,0.708301061473293,1.90090983934165,1725000082300,24.0715692638241
6.86405337781485,1.3192856525381,2.24521423958172,1725000082400,21.731000166221
6.87239366138449,1.1427323569224,2.52117691005121,1725000082500,18.36551007539
6.88073394495413,1.14337618966973,2.3526925418437,1725000082600,20.8231374847478
6.88907422852377,0.384372338580999,1.75587695990358,1725000082700,20.8497773787274
6.89741451209341,1.25032235866066,2.47639362989116,1725000082800,18.4809276909852
6.90575479566305,0.849383411240851,2.37686300224045,1725000082900,21.9254701104908
6.91409507923269,1.64002646699699,2.73576856084531,1725000083000,19.2286946661772
6.92243536280233,0.89176621169352,2.24330329923336,1725000083100,21.1518219163463
6.93077564637198,1.22243590377499,2.13648590902939,1725000083200,24.4096213826367
6.93911592994162,0.828542447305901,2.29026185520616,1725000083300,15.7000401513086
6.94745621351126,0.561642685272988,2.02979022706091,1725000083400,19.1404884904434
6.9557964970809,1.59504204949109,2.94453107493723,1725000083500,17.6735925371167
6.96413678065054,0.832064549734974,2.14048912294319,1725000083600,21.1167863120576
6.97247706422018,0.485047628382957,1.86649735823169,1725000083700,21.9671351249151
6.98081734778982,1.01168473449413,2.31876869165543,1725000083800,15.7438182307742
6.98915763135947,0.760254441413065,1.82276381123254,1725000083900,16.1317766465418
6.99749791492911,1.23142083321823,2.70253172870112,1725000084000,18.2971325774888
7.00583819849875,1.15775766437139,2.53621542487482,1725000084100,23.7303107876181
7.01417848206839,1.01277003935519,2.34645727058905,1725000084200,19.7666410415436
7.02251876563803,0.915621280188063,2.65076810714166,1725000084300,15.8942478794129
7.03085904920767,0.773204012735319,2.04861455958825,1725000084400,17.8568406193945
7.03919933277731,0.895540114078529,2.02654568550498,1725000084500,18.5927677469485
7.04753961634696,0.634395383613895,2.21967192044341,1725000084600,17.8923659416917
7.0558798999166,0.669546366913299,2.41216466408829,1725000084700,20.9526175214009
7.06422018348624,0.517940198125017,2.20414018796842,1725000084800,15.4548685765502
7.07256046705588,0.921950503191373,2.11618991685736,1725000084900,22.0793612281414
7.08090075062552,1.04142463411836,2.44913886112797,1725000085000,19.0867989709249
7.08924103419516,0.688220951505146,2.34351302045216,1725000085100,24.3848669445336
7.0975813177648,0.28158626950987,1.61712745492328,1725000085200,24.7272418215523
7.10592160133445,0.764822315100416,2.47394040644865,1725000085300,21.8938921823064
7.11426188490409,1.04595334733776,2.47177489547812,1725000085400,16.2762716901338
7.12260216847373,0.518820429694405,1.70366037278019,1725000085500,24.0037220835649
7.13094245204337,0.216057416530695,1.36778126891923,1725000085600,23.3982093598454
7.13928273561301,1.32750419367626,2.01581830046377,1725000085700,17.9990127515672
7.14762301918265,0.840110949316312,2.41104645241935,1725000085800,20.1660186178492
7.15596330275229,0.655545881987018,2.16489938033894,1725000085900,16.7143077452399
7.16430358632194,1.19970638311042,2.40873401602911,1725000086000,24.9285735147576
7.17264386989158,1.1159406538531,2.4697768947306,1725000086100,21.1603113372741
7.18098415346122,0.765679344632967,1.80249814095157,1725000086200,20.2978512144817
7.18932443703086,1.3399834097157,2.59344309157843,1725000086300,15.7894601543893
7.1976647206005,0.863583365655655,2.19784233304765,1725000086400,22.3829228565902
7.20600500417014,0.914719748213511,2.00227155582549,1725000086500,17.9470448688586
7.21434528773978,0.585676557203037,2.22960080866314,1725000086600,16.2705388481359
7.22268557130942,0.948020357366357,2.48907180481577,1725000086700,17.0285651704228
7.23102585487907,0.642467160358616,1.9342837495012,1725000086800,24.8690501051091
7.23936613844871,1.1906178332074,2.71125793261772,1725000086900,24.9181121555855
7.24770642201835,1.1599086773601,2.13596878393608,1725000087000,16.7905595199632
7.25604670558799,0.571307989784753,1.78927554648164,1725000087100,18.2840572727175
7.26438698915763,0.952277635059658,2.71201489630067,1725000087200,18.8877997391635
7.27272727272727,0.426832146260184,1.71173908100395,1725000087300,18.8067737092675
7.28106755629691,1.25181331102356,2.9319847631448,1725000087400,15.2851818537859
7.28940783986656,0.853561239249254,2.00835065895959,1725000087500,22.5349880116479
7.2977481234362,1.40547299354886,2.6945446895011,1725000087600,24.800839517367
7.30608840700584,0.569386845799985,1.95505858318073,1725000087700,21.8710102144093
7.31442869057548,0.951552071362971,1.98410414419202,1725000087800,23.4497114321875
7.32276897414512,1.2805575550885,2.53897855407854,1725000087900,16.6619893516709
7.33110925771476,0.779473012141616,2.08317393355389,1725000088000,15.5247195149793
7.3394495412844,0.713857777733242,2.32237241936191,1725000088100,17.263366439301
7.34778982485405,0.815495161189323,2.07859328210719,1725000088200,21.4081069466736
7.35613010842369,0.689501480349112,2.2959755498915,1725000088300,24.9501884644228
7.36447039199333,0.566878091964267,2.10875383337051,1725000088400,23.8490688852451
7.37281067556297,0.688262714108523,2.38986713785344,1725000088500,22.2094396361954
7.38115095913261,0.74842288224665,2.12356027641407,1725000088600,17.6736703977682
7.38949124270225,0.42329987797352,1.50939426570308,1725000088700,20.7855522640308
7.39783152627189,0.599288555290523,1.67750416461697,1725000088800,15.5571791577767
7.40617180984153,0.546517211979829,2.14280752355608,1725000088900,17.5806864282069
7.41451209341118,0.568337031233299,2.04491685292885,1725000089000,21.2470605348237
7.42285237698082,0.943555064825989,2.27870659371663,1725000089100,18.07824723496
7.43119266055046,0.745223711376222,2.03832637925002,1725000089200,16.1209188507333
7.4395329441201,1.05280331437946,2.41481065682886,1725000089300,24.2049826204356
7.44787322768974,0.469809140602181,1.85803358171103,1725000089400,18.2761058279094
7.45621351125938,0.930110157648158,2.05088691958448,1725000089500,19.1815683019223
7.46455379482902,0.754915250422207,1.8853465307844,1725000089600,23.9049256935961
7.47289407839867,0.401282670603724,2.085356798223,1725000089700,17.0068163461067
7.48123436196831,0.5753704706468,1.49928657420979,1725000089800,19.6118048069826
7.48957464553795,0.416996743129378,1.56786476032168,1725000089900,19.6569889846188
7.49791492910759,0.769450270594276,2.3283358864151,1725000090000,17.1180949319006
7.50625521267723,0.488993252740541,2.0362334463976,1725000090100,18.4330348634136
7.51459549624687,1.305155586349,2.62778425485522,1725000090200,22.6333867711096
7.52293577981651,1.04818051876293,2.44246564884297,1725000090300,16.2869878470833
7.53127606338616,0.580337759499837,1.9239146885494,1725000090400,15.1550258614015
7.5396163469558,0.754598293549344,2.07784735058063,1725000090500,23.7780379516192
7.54795663052544,0.89542645366821,2.16432269594728,1725000090600,16.5130886748654
7.55629691409508,0.320030572469876,1.82164558343985,1725000090700,16.875164749106
7.56463719766472,0.865062156578407,2.16776151893403,1725000090800,24.49022459154
7.57297748123436,1.04849172438422,2.22265287262354,1725000090900,24.4804588144575
7.581317764804,0.641121797260193,1.80149905325737,1725000091000,20.5877057387596
7.58965804837364,0.298353915690641,1.6892892414414,1725000091100,19.2461449549438
7.59799833194329,0.566206711236556,1.67934435710047,1725000091200,22.0450124759621
7.60633861551293,0.737023547071806,1.72779204771936,1725000091300,23.5250660805161
7.61467889908257,0.890115100943049,2.16881608307311,1725000091400,22.0649269244861
7.62301918265221,0.943525107321172,2.37239636558361,1725000091500,16.787880944166
7.63135946622185,0.170403167608519,1.96756580297135,1725000091600,18.0527365676066
7.63969974979149,0.571976489913989,2.1441764621583,1725000091700,22.3846729816227
7.64804003336113,0.24059994324285,1.65521380021417,1725000091800,23.3474274105952
7.65638031693078,0.852671771304726,2.25121674589943,1725000091900,20.3666855808516
7.66472060050042,1.13082119244552,2.04090722524721,1725000092000,23.4761652741474
7.67306088407006,0.706466112845494,2.1574086928664,1725000092100,22.326856487774
7.6814011676397,0.561062709467049,2.13910236002015,1725000092200,23.4855216720133
7.68974145120934,0.646501697950949,2.3911498484551,1725000092300,19.8032493538702
7.69808173477898,0.0864415282590675,1.54594868924903,1725000092400,15.4303920141194
7.70642201834862,1.00791221995022,2.33009955272957,1725000092500,18.7366645369906
7.71476230191826,0.306110284116401,1.56946276723848,1725000092600,19.95628889114
7.72310258548791,0.179337787668209,1.75236214048399,1725000092700,19.7218568092781
7.73144286905755,0.794174030706126,2.24414372582056,1725000092800,24.5906844979855
7.73978315262719,1.16011351058817,2.68860070264077,1725000092900,19.3820102559381
7.74812343619683,0.899519395869857,2.48918618670303,1725000093000,22.8407835130614
7.75646371976647,0.655062370920328,1.82925156323532,1725000093100,19.3292825820026
7.76480400333611,1.18760172585638,2.40904845031294,1725000093200,22.3151127949168
7.77314428690575,1.23206986880546,2.58285051600604,1725000093300,24.9770060080064
7.7814845704754,0.544574804102999,1.92398223381218,1725000093400,18.1109108575022
7.78982485404504,0.207553904372294,1.63028621662962,1725000093500,19.5878159344242
7.79816513761468,0.148676994501111,1.46907636404731,1725000093600,18.7432856232602
7.80650542118432,0.411565688813638,1.77251444967845,1725000093700,16.1972419149714
7.81484570475396,0.438157761082229,2.11883971394713,1725000093800,20.2139789729594
7.8231859883236,0.503297972005604,2.21587639687046,1725000093900,23.2671381508973
7.83152627189324,0.524676783710137,2.09963968379564,1725000094000,18.2627791572512
7.83986655546289,1.01087009492949,2.42607199881826,1725000094100,18.5077701413344
7.84820683903253,0.103829933202844,1.70060472294964,1725000094200,17.6587361741517
7.85654712260217,0.557765380483507,1.95462076356682,1725000094300,17.7825182891847
7.86488740617181,0.580997788570231,1.76691618967188,1725000094400,19.6241495124095
7.87322768974145,1.0881522356401,2.4219153858152,1725000094500,18.04402599452
7.88156797331109,0.841987420354381,2.22950171796624,1725000094600,19.0056340620933
7.88990825688073,0.828759401457013,2.18234997439872,1725000094700,21.0715909070653
7.89824854045038,0.42954980792583,1.92501050631484,1725000094800,15.3008122781229
7.90658882402002,1.04038927013931,2.60067138049854,1725000094900,20.7353379550521
7.91492910758966,1.12300316431936,2.40720352261127,1725000095000,17.2664288900265
7.9232693911593,0.519226931338505,1.86565465510041,1725000095100,24.560147565381
7.93160967472894,1.09383932893724,2.43989690365483,1725000095200,19.4565252957361
7.93994995829858,0.372983774456671,2.05529586997786,1725000095300,17.2090462357115
7.94829024186822,0.875095708715284,2.14263075916684,1725000095400,15.3807214712665
7.95663052543787,0.635507803576569,2.08801918946601,1725000095500,20.8714251638622
7.96497080900751,0.710499806884372,1.94276115881031,1725000095600,21.9905952527603
7.97331109257715,0.230006846844681,1.59978173227366,1725000095700,15.5893603125178
7.98165137614679,0.544566036886295,1.92155731101851,1725000095800,16.9710202380876
7.98999165971643,0.16259510460723,1.78271416111449,1725000095900,21.8700233282173
7.99833194328607,0.617985588589625,1.74734574000439,1725000096000,24.3147411594654
8.00667222685571,0.92325666429723,2.46570004289472,1725000096100,19.131216024523
8.01501251042535,0.497737168897859,2.34116801119001,1725000096200,16.5961204599475
8.023352793995,0.852442470341993,2.36425547243072,1725000096300,21.8445738603667
8.03169307756464,0.566177876012127,2.25079508804226,1725000096400,19.3916363935881
8.04003336113428,0.5461322497278,1.85882589780353,1725000096500,20.7292082711653
8.04837364470392,1.24825232568801,2.43484483671772,1725000096600,15.9452673499675
8.05671392827356,0.360613565051456,1.75969460558352,1725000096700,16.9198609219241
8.0650542118432,0.752063834732339,2.29685142011936,1725000096800,21.5934588086605
8.07339449541284,0.981582512037754,2.73285912121734,1725000096900,20.6423821789426
8.08173477898248,1.05717888720347,2.44516648874527,1725000097000,15.7554768334158
8.09007506255213,0.372765673288742,1.73083321769105,1725000097100,23.6336636054492
8.09841534612177,0.0268619355792018,1.39561734062842,1725000097200,23.2419645782385
8.10675562969141,0.803496191293436,2.27047806408009,1725000097300,17.2827218827323
8.11509591326105,0.392303782914214,1.81406445854875,1725000097400,15.2221315115301
8.12343619683069,0.806988194185594,2.37489208655654,1725000097500,16.8183032135207
8.13177648040033,1.41995590993167,2.38319471933772,1725000097600,22.3437729795634
8.14011676396997,0.810293447497433,2.03754566947368,1725000097700,21.284676506925
8.14845704753962,0.40945067345298,1.42873417137718,1725000097800,21.6260357633243
8.15679733110926,1.06312000418322,2.32591716374592,1725000097900,18.405441211456
8.1651376146789,0.440871022601429,1.84976348949186,1725000098000,16.2582361680131
8.17347789824854,0.789685123452366,2.26539164504222,1725000098100,21.6545662597405
8.18181818181818,0.771432841644419,1.97327254679403,1725000098200,19.7647504860509
8.19015846538782,0.920970197697117,2.20507133308617,1725000098300,15.9224090688551
8.19849874895746,0.987173815324025,2.29647769391545,1725000098400,17.0992871123893
8.20683903252711,0.578503641433446,1.8923476820198,1725000098500,22.7882759993966
8.21517931609675,0.130794024209873,1.64862874227661,1725000098600,23.7662411543267
8.22351959966639,0.252568335445363,1.8309404997208,1725000098700,15.5799767214919
8.23185988323603,0.378495387378571,1.92907962277132,1725000098800,17.4840591614106
8.24020016680567,0.847515045867099,2.12529330232702,1725000098900,20.2299778278722
8.24854045037531,0.316551769447007,1.79662840174128,1725000099000,21.9723493071211
8.25688073394495,0.270648748261526,1.43100762442162,1725000099100,22.9129425557135
8.2652210175146,0.783638263342965,2.549163467393,1725000099200,22.1170118188051
8.27356130108424,0.629294843188246,2.10181744863559,1725000099300,23.9234560354928
8.28190158465388,0.377992950619109,1.79158844783389,1725000099400,15.107014793767
8.29024186822352,-0.117894299646119,1.73538762094947,1725000099500,24.308573663049
8.29858215179316,0.517137893996455,2.15631262233448,1725000099600,20.7131124938597
8.3069224353628,0.696670891715753,2.4092752230372,1725000099700,24.9745754419237
8.31526271893244,0.380202642879448,1.73378356889188,1725000099800,19.7911770934117
8.32360300250209,0.485132412373623,2.07486367719056,1725000099900,16.7219542609454
8.33194328607173,0.832503329005657,2.40711994200661,1725000100000,22.9526176137098
8.34028356964137,0.302526492495027,1.94414360790647,1725000100100,20.2579319861136
8.34862385321101,0.28700734501962,1.69329816839917,1725000100200,18.9423542072308
8.35696413678065,0.457442926206075,2.0212269921422,1725000100300,22.1674460869498
8.36530442035029,0.858808461232409,1.99612658045062,1725000100400,21.7863238409587
8.37364470391993,0.931820377907487,2.33195150152783,1725000100500,22.9854967336084
8.38198498748957,0.82869231719721,2.27739618248116,1725000100600,24.578044838974
8.39032527105922,0.896656948824163,2.03500039600312,1725000100700,20.6385918373968
8.39866555462886,0.687692594051465,1.86571752190449,1725000100800,18.6019679239331
8.4070058381985,1.11436531432741,2.55480386919059,1725000100900,16.7776500603274
8.41534612176814,0.645021858667975,2.16601789623678,1725000101000,23.0476834754453
8.42368640533778,0.530629603079729,1.67562473170913,1725000101100,21.4759685410708
8.43202668890742,0.336323747845503,2.03691359703538,1725000101200,22.6896132244621
8.44036697247706,0.760626629805401,1.69185568815505,1725000101300,20.3213863450584
8.44870725604671,0.408002060722054,2.13864172668303,1725000101400,22.8801688315952
8.45704753961635,0.499438880444125,1.91663470366289,1725000101500,24.8199012703512
8.46538782318599,0.624604283311757,2.18409249942011,1725000101600,17.4917065665234
8.47372810675563,0.430140334676593,1.62046313085586,1725000101700,20.9303813610023
8.48206839032527,0.786736428976611,1.99136069202433,1725000101800,18.375606212239
8.49040867389491,0.771934918652831,2.05450449980666,1725000101900,24.0654786262892
8.49874895746455,1.27358495953006,2.82166903402956,1725000102000,23.9294612495997
8.5070892410342,0.674582929053614,1.93799973846694,1725000102100,23.7937523420347
8.51542952460384,1.12324834335702,2.21170301516672,1725000102200,19.3403658527135
8.52376980817348,1.30544563695548,2.68748460554093,1725000102300,22.0092337281964
8.53211009174312,0.928633023530191,2.31064509623046,1725000102400,21.4631821990797
8.54045037531276,0.803649854023688,2.52740386744486,1725000102500,24.3020992199114
8.5487906588824,0.142156765213099,1.48756782582994,1725000102600,18.6935828512722
8.55713094245204,0.453780530165204,1.51609452998742,1725000102700,17.7980817145274
8.56547122602169,0.573416672249993,2.22449199675949,1725000102800,15.0016243644576
8.57381150959133,0.277361990358586,1.69937340529559,1725000102900,19.2902818647839
8.58215179316097,0.982296181663119,2.1710230145421,1725000103000,22.0362094375288
8.59049207673061,0.632196465588263,1.71692250581836,1725000103100,21.3769167109925
8.59883236030025,0.703822416011894,2.25921567628972,1725000103200,24.2608505459017
8.60717264386989,0.883541842007256,2.70962000829823,1725000103300,23.1582679578851
8.61551292743953,0.452299281988008,2.19820743346546,1725000103400,24.181517319318
8.62385321100918,0.477609867416114,1.82177670776837,1725000103500,18.9544100506404
8.63219349457882,0.908652342696737,1.82017943266993,1725000103600,22.3991364374983
8.64053377814846,0.383167270339673,2.08953175120953,1725000103700,21.5724984308739
8.6488740617181,1.08719164693823,2.55056481839486,1725000103800,24.950343052507
8.65721434528774,0.484960818131139,2.08510359221803,1725000103900,16.2097481130311
8.66555462885738,0.551206437880139,1.66724141140266,1725000104000,21.411951361531
8.67389491242702,0.293892540217986,1.57079249381574,1725000104100,23.6429441512009
8.68223519599666,0.29091326177172,1.4318984477868,1725000104200,15.7728912083331
8.69057547956631,0.370788799638157,1.90024881820055,1725000104300,15.2480932835687
8.69891576313595,0.753654625219664,2.3337658747358,1725000104400,19.703782046768
8.70725604670559,0.410215546346715,1.85150023557975,1725000104500,21.8081028105519
8.71559633027523,0.320541042353225,1.77959149604042,1725000104600,23.02497560735
8.72393661384487,0.623089290984553,1.71403345743412,1725000104700,23.854426985235
8.73227689741451,0.376005661030912,2.09829365853398,1725000104800,24.2198338165061
8.74061718098415,0.497228355744848,2.21236158633043,1725000104900,16.9107792167584
8.7489574645538,0.963263416747692,2.29639935812334,1725000105000,21.5623125438079
8.75729774812344,0.423221926282764,2.00512692126741,1725000105100,21.679403840447
8.76563803169308,1.10209385441623,2.45016118847917,1725000105200,17.423246479425
8.77397831526272,0.897251925667403,2.14277021093646,1725000105300,23.2427775121515
8.78231859883236,0.455286501045148,1.88862731949517,1725000105400,22.4457686541886
8.790658882402,0.613814702023137,2.00826998966413,1725000105500,21.2970248446739
8.79899916597164,0.272997793951599,1.78505973775008,1725000105600,22.1619592301901
8.80733944954128,0.42315654955941,1.9405616983568,1725000105700,19.4706993068281
8.81567973311093,0.657822431365828,2.44787300515845,1725000105800,21.4588188999034
8.82402001668057,0.805142981625293,2.3079619812437,1725000105900,22.422765445307
8.83236030025021,0.380356478120279,1.5833176757309,1725000106000,21.2810245639378
8.84070058381985,-0.11752869746029,1.72861444589235,1725000106100,21.6902300781067
8.84904086738949,0.386610134417238,1.9916367167065,1725000106200,18.4150214179308
8.85738115095913,0.210030558719345,1.39797148974741,1725000106300,19.1940966657947
8.86572143452877,0.434183482690864,2.27310076123265,1725000106400,16.1547239003713
8.87406171809842,0.927801985141521,2.19055874173526,1725000106500,18.9248945109578
8.88240200166806,0.47236155075072,1.80926680640906,1725000106600,16.2392636326074
8.8907422852377,0.799536016766393,2.07214753626393,1725000106700,18.7603345278269
8.89908256880734,0.616592625065957,1.79853085910033,1725000106800,19.7387582284522
8.90742285237698,0.723373041090952,1.90636081605203,1725000106900,15.5002275748069
8.91576313594662,0.107823243235761,1.63083441491448,1725000107000,16.5862593935088
8.92410341951626,0.51988305705002,2.13460759833098,1725000107100,16.4970959043919
8.93244370308591,1.19202085733091,2.53318434802526,1725000107200,21.6037998011973
8.94078398665555,0.419238889522113,1.7622524005513,1725000107300,18.2373475340604
8.94912427022519,0.763506882160249,2.4242571041199,1725000107400,16.7167158479958
8.95746455379483,0.102147766914654,1.68655121738576,1725000107500,22.2565337759558
8.96580483736447,1.23170128561983,2.63259269829011,1725000107600,18.4890198765731
8.97414512093411,0.320148082406597,2.0614454468317,1725000107700,23.7857329186633
8.98248540450375,0.315684930552601,2.10245980710126,1725000107800,18.8743116259454
8.99082568807339,0.184399046698373,1.50696488533376,1725000107900,24.8723543953338
8.99916597164304,0.185578633985394,1.70064427768077,1725000108000,16.4870901760459
9.00750625521268,0.436963508989325,1.91179080191675,1725000108100,16.1175971810761
9.01584653878232,0.570071872645291,1.76820699839118,1725000108200,24.6458408399607
9.02418682235196,0.455321213341017,1.74672263650537,1725000108300,20.8896201781652
9.0325271059216,0.558101631449128,1.82985670995393,1725000108400,17.1618675392138
9.04086738949124,0.204502852280313,1.4701135695267,1725000108500,19.9806959868059
9.04920767306088,0.512900239175872,1.65881163677983,1725000108600,24.1861210520092
9.05754795663053,0.262504878546574,1.71538830796727,1725000108700,17.5839532521922
9.06588824020017,0.808608188779116,2.16434067265372,1725000108800,16.3367169082953
9.07422852376981,0.960056707536551,1.98575047548421,1725000108900,19.8842436084293
9.08256880733945,0.586186756849567,1.73906109318784,1725000109000,19.1804165000007
9.09090909090909,1.2421872468144,2.9687332905065,1725000109100,17.9574004159542
9.09924937447873,0.251586033031613,1.93557373071373,1725000109200,19.513603858375
9.10758965804837,0.707217973607852,2.2810535827906,1725000109300,16.7278815824987
9.11592994161802,0.351774203716681,1.91984440888483,1725000109400,21.8377831829276
9.12427022518766,0.24749745668385,1.43243438780124,1725000109500,21.6406531895596
9.1326105087573,0.488781026954353,1.8195128715167,1725000109600,20.3986001473238
9.14095079232694,0.767790473575076,2.11506043775411,1725000109700,24.8163207444004
9.14929107589658,0.142103050524029,1.98723323213952,1725000109800,17.9714005807087
9.15763135946622,-0.0914343505072334,1.48821772331796,1725000109900,18.8736501259553
9.16597164303586,0.546489613761357,1.61917512806705,1725000110000,23.6978810982391
9.1743119266055,0.343902036932599,1.93443030534943,1725000110100,20.3220063717239
9.18265221017515,0.375263312671756,1.63903053380013,1725000110200,16.905729145678
9.19099249374479,0.745096309183235,1.91168283213856,1725000110300,19.6615302590972
9.19933277731443,0.37115577117859,1.7415419986254,1725000110400,24.2270584279087
9.20767306088407,0.37773846910505,1.52500040202051,1725000110500,24.401337978023
9.21601334445371,0.815421345241368,2.14672461189253,1725000110600,22.4231891144396
9.22435362802335,0.383285550699678,1.87782918998303,1725000110700,23.4693485599134
9.23269391159299,0.538073368480973,1.94288350658895,1725000110800,15.10569129164
9.24103419516264,0.228895587061467,1.82009341086267,1725000110900,20.2200381204993
9.24937447873228,0.512857498265184,1.55591528366849,1725000111000,17.3354103514011
9.25771476230192,0.440621553780527,2.11052723178875,1725000111100,22.1630449149863
9.26605504587156,0.0991570580013943,1.73625592173396,1725000111200,22.3153911184534
9.2743953294412,0.373791822132782,1.96183713238069,1725000111300,15.7056593251149
9.28273561301084,0.384997057484856,1.65653492586869,1725000111400,24.6265035139535
9.29107589658048,0.754726204904135,2.26669398437202,1725000111500,21.072524907733
9.29941618015012,0.253902104595983,1.54016998729102,1725000111600,20.291216779884
9.30775646371977,0.646284122253261,1.45330296735098,1725000111700,23.9400649896597
9.31609674728941,0.287673401736502,1.83113064244268,1725000111800,15.3532740944845
9.32443703085905,0.193401773888528,1.57838497579579,1725000111900,17.8511812224195
9.33277731442869,0.415937789311766,1.75961497193716,1725000112000,17.7376910815355
9.34111759799833,0.307752541008074,1.6235826028218,1725000112100,19.7222893977798
9.34945788156797,0.599360484899876,1.95697213998334,1725000112200,24.9538812600575
9.35779816513761,0.746723963935007,2.48580713693258,1725000112300,22.2227751657005
9.36613844870726,0.0507517505625065,1.37943589465188,1725000112400,15.6527288175545
9.3744787322769,-0.0548325483976688,1.50636496336639,1725000112500,20.9301070523177
9.38281901584654,0.156337050136537,1.73678793848859,1725000112600,20.4595671913595
9.39115929941618,0.273937527994183,1.53698976808758,1725000112700,19.6613857402889
9.39949958298582,0.144128569915274,1.79913207691342,1725000112800,22.9189931154224
9.40783986655546,0.660464243132867,1.95038195665902,1725000112900,18.5375396609979
9.4161801501251,0.137023331461147,1.41597159695305,1725000113000,21.0811752152039
9.42452043369475,0.103078768432861,1.20410148420819,1725000113100,19.9471495898661
9.43286071726439,-0.153231967261077,1.87638801779173,1725000113200,23.4485488579485
9.44120100083403,-0.392893202654107,1.79468354275783,1725000113300,23.9692794927227
9.44954128440367,0.174232711333155,1.46128966119474,1725000113400,20.2436129964832
9.45788156797331,-0.0878043260792831,1.69858036818357,1725000113500,19.2570923357395
9.46622185154295,0.218624692392048,1.84373318933194,1725000113600,18.6258349560227
9.47456213511259,1.27508437538256,2.60518391138155,1725000113700,21.9984159040831
9.48290241868223,0.428309941755345,1.53106456872243,1725000113800,23.319597081908
9.49124270225188,0.152388120031845,1.46787547726993,1725000113900,20.3150544531212
9.49958298582152,-0.109213541885878,1.27836032886545,1725000114000,17.1795440287176
9.50792326939116,0.261590062480309,1.5426220118642,1725000114100,23.146973049583
9.5162635529608,0.921718520635927,2.33122660247395,1725000114200,22.895023116216
9.52460383653044,0.156136536794879,1.38075793068854,1725000114300,16.7072960491835
9.53294412010008,1.04817581883235,2.34921655880425,1725000114400,24.8582195980909
9.54128440366972,0.72789493779242,1.96465872391926,1725000114500,24.5261887558656
9.54962468723937,-0.374198877174827,1.67145727046532,1725000114600,21.9749851501501
9.55796497080901,0.551942926554186,2.09873417867372,1725000114700,17.2303698048369
9.56630525437865,0.440187494293817,2.02326486325348,1725000114800,18.2785366641653
9.57464553794829,0.766578243740597,1.9253345935242,1725000114900,16.008417428636
9.58298582151793,-0.103094492942227,1.72390472092364,1725000115000,17.2294070287597
9.59132610508757,0.298527132388569,1.99620011311503,1725000115100,16.9750736251397
9.59966638865721,0.313992370791257,1.37500794848518,1725000115200,16.5234599698012
9.60800667222686,0.326578450852269,1.30175194087482,1725000115300,16.2677940961364
9.6163469557965,0.608404173563504,2.16080724235031,1725000115400,24.9833647476309
9.62468723936614,0.402472306405763,1.85930225512598,1725000115500,18.5757111835803
9.63302752293578,0.503211935731229,2.04020746772454,1725000115600,22.1560901113057
9.64136780650542,0.231303620539537,1.93113753196163,1725000115700,19.9996536936475
9.64970809007506,0.241130643895493,1.77770513074069,1725000115800,21.4595142265989
9.6580483736447,0.520471281921632,1.58831762614856,1725000115900,24.960367235162
9.66638865721434,-0.193264935091544,1.87937354996307,1725000116000,20.9567978099745
9.67472894078399,0.0361321212318406,1.58579657407817,1725000116100,19.0271972156707
9.68306922435363,0.220906744051999,1.75360674981351,1725000116200,17.8275907894878
9.69140950792327,0.207425969083384,1.88664517911892,1725000116300,24.133217561421
9.69974979149291,0.0120820502004938,1.37818667752736,1725000116400,18.1121778853519
9.70809007506255,0.266207901465585,1.72772382590979,1725000116500,20.9072783171586
9.71643035863219,0.413804052034008,1.94604542697139,1725000116600,23.1315840218232
9.72477064220183,0.408250658688315,1.91009100569336,1725000116700,15.7278250069704
9.73311092577148,0.264447850537325,1.72174652811492,1725000116800,19.5652549646495
9.74145120934112,0.0750426347984988,1.56167586609803,1725000116900,21.8686029383917
9.74979149291076,0.175286031936279,1.57500711379402,1725000117000,24.5304176899934
9.7581317764804,0.228334471001412,1.80163760654039,1725000117100,20.3603415383359
9.76647206005004,0.422100345743744,2.01525812520267,1725000117200,23.8644925274592
9.77481234361968,0.29038927615607,1.40156643495396,1725000117300,17.5289004555183
9.78315262718932,-0.243006829693751,1.58072419538599,1725000117400,24.3422879354974
9.79149291075896,0.132951962074924,1.18259803404606,1725000117500,21.6116024200264
9.79983319432861,0.10103768245418,1.49915714341536,1725000117600,22.9696885641911
9.80817347789825,0.398779950432651,1.75999023110872,1725000117700,22.3556038344159
9.81651376146789,0.23474323672251,1.50015320048144,1725000117800,18.4973315781354
9.82485404503753,0.489272455027721,1.99941226003756,1725000117900,20.1706660381685
9.83319432860717,0.431595263949256,1.48566789834051,1725000118000,20.191713377225
9.84153461217681,-0.0242577860631581,1.37538868523523,1725000118100,16.3562561656236
9.84987489574645,0.283496288830903,1.20715193135945,1725000118200,23.7711066085382
9.8582151793161,0.292416719351507,1.28320348822671,1725000118300,17.7804324068776
9.86655546288574,0.290079522974411,1.41177863940749,1725000118400,21.9453111109515
9.87489574645538,0.138706763787596,1.72223699880987,1725000118500,18.2282268335384
9.88323603002502,0.0906796149784285,1.54442993789533,1725000118600,18.8464877403183
9.89157631359466,0.862824766113113,2.1435161917932,1725000118700,15.9077404589493
9.8999165971643,0.557429130690979,1.53032442946796,1725000118800,20.1129046390818
9.90825688073394,-0.268814406424505,1.69029178231815,1725000118900,18.7501362152115
9.91659716430359,0.476381841163721,2.04589050769703,1725000119000,19.5430529340529
9.92493744787323,0.106200528373002,1.64052108853581,1725000119100,19.3069952834591
9.93327773144287,0.039710814474753,1.47577236413227,1725000119200,15.9203810678105
9.94161801501251,-0.125408883700648,1.76262457540203,1725000119300,20.3845410965958
9.94995829858215,0.316072869000866,1.59035674445506,1725000119400,20.5230118985639
9.95829858215179,0.474465824927074,2.25130259369206,1725000119500,18.2466498053785
9.96663886572143,-0.281792368352145,1.84131824526902,1725000119600,19.5818360874172
9.97497914929108,-0.0652539856824778,1.51000589881615,1725000119700,17.3218466915632
9.98331943286072,0.140875943196109,1.21785784531245,1725000119800,16.1970415834467
9.99165971643036,0.194296000886884,1.73440151757333,1725000119900,15.218297541793
10,0.643811863544057,1.94240228178098,1725000120000,22.1811593167968
